player_idx,mean,sd,q05,q25,q50,q75,q95,athlete_id,athlete_display_name,athlete_position_abbreviation,team_id,team_abbreviation
115,4.154094908933875,0.8985624432148933,2.885606861639148,3.4873006908136115,4.0599782537505575,4.702134621224319,5.7602738938356755,3907498,Matisse Thybulle,G,22,POR
168,3.6265289426154235,0.39351120422128305,3.0120804266689962,3.3502893595117698,3.6147354366556446,3.8840804756163108,4.3121335364481075,4066993,Dru Smith,G,14,MIA
93,3.31144125925675,0.45177788701786736,2.6043525317273213,2.9926205470433334,3.2870236115198486,3.5894770791698525,4.108234695260204,3134932,John Konchar,G,29,MEM
417,3.3045196834363155,0.32923745068154975,2.789325412698655,3.0722673468058908,3.2875519956279775,3.5238625341038055,3.8642048794910284,4684742,Ausar Thompson,G,8,DET
400,3.2506148930273056,0.29593705460042263,2.780807807622328,3.0436868820121035,3.2420480896746007,3.4458305297274547,3.7548447756040373,4683692,Cason Wallace,G,25,OKC
59,3.114516708952308,0.40496216455741946,2.484188993174525,2.8304149292996836,3.0967551677852305,3.3784515851045676,3.800882335339061,2991350,Alex Caruso,G,25,OKC
282,3.0890850913663175,0.3780927944438078,2.498890135538571,2.828068353368553,3.0680436850566446,3.331499359672879,3.7501709149226676,4432165,Jalen Suggs,G,19,ORL
274,3.0481118101282703,0.6533541537244406,2.109661252504058,2.557187799699481,2.985602802499739,3.473495386797689,4.200392706817717,4431785,Scotty Pippen Jr.,G,29,MEM
239,2.9965478342729384,0.34428033208746145,2.450709136937296,2.755421657918329,2.977817818420127,3.2178402070329617,3.585747375618469,4397140,Kevin Porter Jr.,G,15,MIL
163,2.9589586336996443,0.41216346873251875,2.320108463352404,2.670770861961313,2.9312913754118357,3.2242882058582483,3.667393115949601,4066436,De'Anthony Melton,G,9,GS
196,2.92807074341344,0.3290399635498542,2.400242194243204,2.6966725681553054,2.9154707579553607,3.1408106090968944,3.5027110761416242,4278402,Jordan Goodwin,G,21,PHX
49,2.917882401785073,0.33793158067598666,2.3871750268885465,2.6881718485500663,2.9073963949167982,3.1308679021944767,3.490863769404069,2596112,Javonte Green,G,8,DET
434,2.773450981192013,0.33469434689299976,2.252602809674406,2.536491394499091,2.7580916637305606,2.9947326246319648,3.3433007234716623,4702177,Keon Ellis,G,23,SAC
40,2.766713982908781,0.38489215885733385,2.1756765807037435,2.4937613021016074,2.7442250672654005,3.009130222109501,3.435397098254967,2530530,T.J. McConnell,G,11,IND
411,2.7486811673856817,0.5287278543765688,1.9455184262096004,2.3798024299636564,2.7024501564066057,3.074878579609063,3.681039604051925,4683934,Jahmai Mashack,G,29,MEM
23,2.6799883846301853,0.28095419555041695,2.230663329436175,2.489243534078846,2.66989933912937,2.86246577746563,3.15647137390117,6450,Kawhi Leonard,F,12,LAC
430,2.659855546934043,0.7624032757641417,1.591594454232514,2.111093324395965,2.568007362595216,3.083728447047096,4.083763547184296,4701845,Kadary Richmond,G,27,WSH
162,2.655242745835293,0.38574248562859126,2.0709618619685175,2.377250000299155,2.630462171282776,2.9079011974044375,3.3053258351162214,4066421,Lonzo Ball,G,5,CLE
470,2.6510732282363025,0.3285716016121955,2.1371413862759923,2.4211017302827482,2.6370724086168442,2.8607258177374604,3.2154718958240918,4897262,Will Richard,G,9,GS
447,2.5557286926130507,0.26612783909828064,2.1274639393193286,2.3741202393929304,2.546067664423158,2.7335075414816785,3.0056037127382376,4711272,Reed Sheppard,G,10,HOU
407,2.5079328941884915,0.2957263425442796,2.045336260668011,2.3040200656774203,2.489997951592138,2.7021512757781947,3.0256190273334274,4683771,Ronald Holland II,F,8,DET
459,2.4690347830129755,0.2392761982121433,2.093852027704979,2.3086545508902327,2.456127955620389,2.6193184143874553,2.885821361930127,4869342,Dyson Daniels,G,1,ATL
72,2.4681211528640943,0.6652884006611993,1.5244292548533145,1.9851257621760112,2.3845085430943733,2.8413173388918116,3.703788688975538,3064230,Cameron Payne,PG,20,PHI
57,2.4659782260657015,0.2595054438896335,2.0619514570038757,2.2835117299694225,2.452373108165011,2.632701093811168,2.9168406589299485,2991139,Kris Dunn,G,12,LAC
198,2.45741090875576,0.3720849748696649,1.8920254504267884,2.1924133863313244,2.436803555386084,2.698010406508376,3.1107337333460525,4278562,Paul Reed,F,8,DET
415,2.4438031396052224,0.38343544467786056,1.8711623099085102,2.1700235047952345,2.4145741181592664,2.687967536373591,3.0965882974478833,4684275,Rob Dillingham,G,16,MIN
410,2.4201009108780065,0.5213741683802361,1.6598148700644144,2.044141829235591,2.373340137168471,2.753589589725496,3.344194795315287,4683834,KJ Simpson,G,30,CHA
476,2.406703735309395,0.29187221382193657,1.953610475931935,2.2036238327419455,2.3917899870582686,2.594485054157121,2.9094390037560256,4900671,Ajay Mitchell,G,25,OKC
429,2.4009289376807676,0.31136371511498967,1.9031728381585267,2.183815987408198,2.3921703652416513,2.606475038131187,2.9395628949798644,4701233,Craig Porter Jr.,G,5,CLE
499,2.3883527785304435,0.2975734406437159,1.9246298742020267,2.1830097595780087,2.371541912617311,2.579646065433312,2.907229303541926,5104155,Bilal Coulibaly,G,27,WSH
247,2.387782684160331,0.5359560242530236,1.6031440343872205,2.0069585975450464,2.3344652033710718,2.7235109226821117,3.3429601440566703,4397449,Elijah Harkless,G,26,UTAH
280,2.3817999958725475,0.7173309421198149,1.3947173380125453,1.8751491508618028,2.2845394689748795,2.776355820903391,3.73416666047873,4432117,Isaiah Stevens,G,23,SAC
260,2.3809834384505253,0.22265971712632227,2.0291615952399527,2.221245554323215,2.3713652635167395,2.5321220705991907,2.7535166811518126,4431678,Tyrese Maxey,G,20,PHI
292,2.3396805728262478,0.3046183571270831,1.8636981765930187,2.1253582960713167,2.3195599976131946,2.538279736706443,2.871068580970719,4432194,Day'Ron Sharpe,C,17,BKN
236,2.3189885927079934,0.6850185033087337,1.3858024010819316,1.829901551364996,2.2283716611877513,2.7130574704609685,3.581543546731047,4397071,Mac McClung,G,11,IND
92,2.310422345943511,0.5245868964441074,1.5574306323502372,1.9351080759242676,2.2575754968831205,2.619431898448566,3.240035584779654,3134916,Jordan McLaughlin,G,24,SA
172,2.2873711691870784,0.2755846144685411,1.8610885377037913,2.0978039338886427,2.269642335306113,2.4625704836286317,2.764591860081318,4277813,Herbert Jones,F,3,NO
414,2.273091969008065,0.30947308457273126,1.7988353021674308,2.050754547158185,2.256672773053009,2.472608808548388,2.811300706933857,4684272,Ja'Kobe Walter,G,28,TOR
114,2.256120980008455,0.5720273861900462,1.4300964927301267,1.848495690497378,2.1956169716854372,2.6111299354358195,3.2647907465775976,3907497,Dejounte Murray,G,3,NO
498,2.2454529829347614,0.3403350112099561,1.7216858231072083,2.00298593994379,2.227218530538969,2.463142058088776,2.8315699275950132,5099752,Rayan Rupert,G,22,POR
327,2.243796657241639,0.44970486377602753,1.5661406317603561,1.9258183118974475,2.214632634357402,2.5287307672934487,3.0450945943155405,4433188,Devin Carter,G,23,SAC
294,2.2375894518486055,0.3360259781279739,1.7140725049246557,2.001163671543245,2.2168742702054836,2.455657383349466,2.8120342806407135,4432247,Jaylen Clark,G,16,MIN
89,2.2323550905356098,0.3473600226015923,1.6903120676211525,1.9883376215708295,2.2145172953308188,2.4564286420013643,2.846683852066439,3134903,Gary Payton II,G,9,GS
129,2.2283569419611493,0.24200888543048232,1.8491119367798623,2.06137741841116,2.2164084225440073,2.3909955962921736,2.6460231976428568,3934719,OG Anunoby,F,18,NY
94,2.2156574145547228,0.2825507037163837,1.7844560360944972,2.0173076133971835,2.1987591574698255,2.406287332132,2.695809513790197,3135045,Grayson Allen,G,21,PHX
322,2.21377649195863,0.28191840513959826,1.777434164949154,2.0155704943636352,2.195827522284775,2.40711426112792,2.6968456882229113,4433137,Ziaire Williams,F,17,BKN
347,2.205981798216273,0.46094120913257414,1.5216144621817724,1.8782419019099088,2.167904173885306,2.50008337199668,3.0041134640818523,4437244,Jalen Green,G,21,PHX
325,2.180570761448418,0.36660538228371803,1.6240214386673102,1.930319840107359,2.1561203990454025,2.397903603135567,2.8277938461459717,4433159,Dalen Terry,F,4,CHI
524,2.1750090609592565,0.6120117667002958,1.3208376678643199,1.7410088000947455,2.092996368558529,2.5295688235105684,3.295522830905757,5159895,Yuki Kawamura,G,4,CHI
145,2.1740524214284527,0.49304853912404517,1.4621093007432155,1.822027938413449,2.126804633370485,2.465701546514749,3.0595310589312508,4065733,Ty Jerome,G,29,MEM
358,2.1734087019409514,0.23195153327647802,1.8126783333012306,2.0111090089637824,2.162781728755628,2.322831226333748,2.572088412500027,4591725,Ryan Rollins,G,15,MIL
279,2.171987206023057,0.5210229528160005,1.4243048610293094,1.7875128190313165,2.126511130810334,2.4864078176759175,3.1075887966340523,4432107,Marcus Sasser,G,8,DET
514,2.1671989386345745,0.30089380186128456,1.7098188588957346,1.9566860559397146,2.146240375067207,2.359905444189518,2.6978828802536805,5107199,Daniss Jenkins,G,8,DET
208,2.1628581755007197,0.39112436865519046,1.5648057450036392,1.884063643586449,2.1436873030671117,2.4091816187097552,2.8578922040977797,4280245,Jamaree Bouyea,G,21,PHX
404,2.159401123926849,0.6360184660272548,1.3021683004306304,1.713039203187902,2.080515244928466,2.494921209759706,3.3125614451314505,4683749,TyTy Washington Jr.,G,12,LAC
442,2.149371705506883,0.6564294150542677,1.2608137432990802,1.6821884668840452,2.049651018214551,2.524714484210147,3.32279291091267,4702972,Chris Manon,G,13,LAL
54,2.1478347844309034,0.2577971777638247,1.7399099715573283,1.9689008435285562,2.134762460867339,2.3170837424643205,2.6009079285349115,2990992,Marcus Smart,G,13,LAL
450,2.1367748092384087,0.22841348327049824,1.7767168307717318,1.9845899800820506,2.1300277871189626,2.2807121492351,2.531528216245025,4712849,Anthony Black,G,19,ORL
117,2.1274965627094984,0.23576610107735865,1.7544668003388666,1.9626530987442872,2.122355910193881,2.2808939513673483,2.530027275912316,3908809,Donovan Mitchell,G,5,CLE
451,2.1259372339203635,0.2838642225638247,1.6879179200763226,1.9243875678586353,2.102292849610806,2.317240094891737,2.6190333940183717,4712863,Mouhamed Gueye,F,1,ATL
140,2.124287481769559,0.2813989317817372,1.6859327292517234,1.9265501288363849,2.1093968056879415,2.312541879301972,2.605542040949948,4065663,Josh Okogie,G,10,HOU
176,2.1096806591023536,0.27158357474737044,1.6807456614377638,1.9182007576459417,2.1030185706196862,2.2852689086357394,2.5700705949361224,4277869,Jose Alvarado,G,3,NO
385,2.1088689826765585,0.5684152521073262,1.3077169377798652,1.7097139761517375,2.0423039844686186,2.4338539908532733,3.115653079456217,4597259,Javonte Cooke,G,22,POR
368,2.108376218284209,0.24018199040969546,1.7288966059625466,1.9429064036778354,2.0993368146436096,2.2573819646605795,2.5218133423911615,4592691,Jake LaRavia,F,13,LAL
82,2.104781678693768,0.49369462444379175,1.4123856605097587,1.754205320598473,2.0410136721528156,2.386010609383161,2.9885288125519294,3102533,Thanasis Antetokounmpo,F,15,MIL
53,2.1044870426905216,0.32138521138619547,1.611106896727265,1.8803990601019085,2.080556125697749,2.3143491935202305,2.658238445524102,2990984,Buddy Hield,G,9,GS
479,2.0958782215982974,0.25013712555380324,1.7051129634854745,1.924132408864935,2.0853631064673435,2.2608836433856823,2.5116811615182484,4914336,Shaedon Sharpe,G,22,POR
201,2.093171651248129,0.22251734468479212,1.7442337742679634,1.9391185843587309,2.082184463742016,2.2389586720317847,2.4705048726278083,4278585,Collin Gillespie,G,21,PHX
328,2.09311956700622,0.28228587583488424,1.65343377532272,1.8987439439757967,2.080007298340057,2.26978562052067,2.579153257520249,4433192,Tari Eason,F,10,HOU
438,2.0903178541452387,0.552351216067231,1.3136356100693312,1.7037559503115733,2.0297577147018595,2.4072770016713014,3.09292299686715,4702656,Alijah Martin,G,28,TOR
13,2.071152126182929,0.2379900521978065,1.6967486244064756,1.9096617358413726,2.0603213219809455,2.2195146059305912,2.4775215191835294,3468,Russell Westbrook,G,23,SAC
60,2.0641102671388842,0.3281979579492467,1.5677517557812017,1.8314726558032857,2.042619673214419,2.2682257093453035,2.6373509578883776,2993874,Kyle Anderson,F,26,UTAH
388,2.0505443209870533,0.24703104345872326,1.6623488895602891,1.877756657142731,2.041685156061823,2.2022427898964425,2.481940245931825,4601023,Oso Ighodaro,F,21,PHX
520,2.0503133107039746,0.23348856802823553,1.683786294286651,1.8852038070765587,2.0439507261712584,2.2032672312722132,2.449134572019876,5144091,Jeremiah Fears,G,3,NO
18,2.047153873438485,0.6238560671110954,1.1958645495138465,1.5974032079729508,1.9624636848560177,2.4003680904721327,3.200730441585079,4023,Garrett Temple,G,28,TOR
191,2.043171949859073,0.27508195999387997,1.6281339792521854,1.8515593622383373,2.0258086000741033,2.2197200856205215,2.523237867900228,4278077,Jarred Vanderbilt,F,13,LAL
128,2.0416204958661344,0.21610124981908418,1.700193597757073,1.890059403901461,2.033735376832333,2.186106815691852,2.4088627835726166,3934673,Donte DiVincenzo,G,16,MIN
412,2.0343251420578725,0.45881212443933017,1.3567627913697884,1.7058332679956136,1.9953470933221018,2.3129679596290655,2.8624672020027573,4683935,Blake Wesley,G,22,POR
408,2.016917701387382,0.46505656821738506,1.34778992405295,1.6799564423346742,1.9738208452309887,2.303447218374649,2.8567662730849146,4683774,Bronny James,G,13,LAL
141,2.014790674016486,0.2283070106522397,1.663020266826308,1.8547337620970703,2.00174903908224,2.163004850981944,2.4099185245135195,4065670,Bruce Brown,G,7,DEN
19,2.008485704826027,0.28407965652511685,1.5777571420350458,1.813776407877629,1.9933048143491507,2.1783572085868874,2.5031632625435805,4251,Paul George,F,20,PHI
55,2.0042490881646637,0.30534672073398716,1.531915575637788,1.7842960061317799,1.9883182263118524,2.202800604838008,2.5391303845030286,2991043,Caris LeVert,G,8,DET
420,2.000078916381511,0.32939547468724706,1.50352923350251,1.764481298536833,1.9753497976323118,2.208623181407095,2.5823334946579894,4687718,Josh Minott,F,2,BOS
293,1.9985785971006826,0.2456013968034276,1.6150730198963974,1.8236154580447899,1.9856367152569494,2.165112422485149,2.4141578477125014,4432241,Jamal Shead,G,28,TOR
502,1.9982589317533477,0.3696792556107288,1.4404613663618775,1.7297648414747238,1.9681050007744125,2.236774767404964,2.651958025809965,5105553,Julian Phillips,F,4,CHI
215,1.9948791344845198,0.2589778549073312,1.5961434909757808,1.813574108911564,1.9807918759799703,2.1610118435014205,2.4409841591160104,4395626,Tre Jones,G,4,CHI
88,1.9934255307970683,0.38229025714306997,1.4223749009504782,1.715723688970156,1.9622780379625544,2.2383249899355673,2.6608147172286287,3133635,Jevon Carter,G,4,CHI
241,1.9841779602360383,0.2775671731422238,1.558044182457595,1.7985296384041065,1.9718480545305992,2.1557376166419697,2.449024530979447,4397183,Aaron Wiggins,G,25,OKC
101,1.9806386220590992,0.2845149933396624,1.5509337386909716,1.7741940875096076,1.9602935089182978,2.159924254827028,2.481372131304093,3138160,Caleb Martin,F,6,DAL
305,1.974832324320525,0.24731802640470912,1.5920584660045458,1.7985524206061008,1.966905184344947,2.131864013175338,2.4032955263365996,4432816,LaMelo Ball,G,30,CHA
416,1.973752940915706,0.20465713056339938,1.654452566406987,1.8290167738889684,1.9664302071429574,2.1040904972565166,2.327926032842695,4684740,Amen Thompson,G,10,HOU
370,1.9722236376128974,0.3136110869978046,1.4922015803341164,1.7520773371155605,1.9574924031880716,2.176852936625795,2.505390264123932,4592714,Pat Spencer,G,9,GS
443,1.9609349483056322,0.42341399971274246,1.3272459764026228,1.6565368550124737,1.927496762558463,2.2249591242932114,2.709099136814243,4703421,Taelon Peter,G,11,IND
544,1.9607291972817167,0.3830615129101934,1.3867452720959486,1.684640644065008,1.9357817039598177,2.196383878472824,2.631842508008961,5242502,Ben Saraf,G,17,BKN
511,1.9559429173463088,0.2849923123531408,1.521538638075559,1.7585774632855702,1.9408841011568387,2.132443234867185,2.45647368865062,5106258,Gradey Dick,G,28,TOR
171,1.9528086832766474,0.26901760914898654,1.5302864702368808,1.7708835593265453,1.936384710163154,2.1258789230840494,2.4215458570434483,4277811,Collin Sexton,G,30,CHA
482,1.9500503276587178,0.2759597035832553,1.524845122971652,1.7563457268286728,1.9317375283067024,2.133863861226454,2.4268222589925377,4997536,Gui Santos,F,9,GS
519,1.949292261741888,0.20757144230027086,1.6151380076453672,1.8104812973178412,1.939153341168599,2.078677023393187,2.3080669553431066,5124612,VJ Edgecombe,G,20,PHI
2,1.9490555824619569,0.45061266314721976,1.2830311234387195,1.6328637755088633,1.9062402187845546,2.2130163199118345,2.749466685339419,2779,Chris Paul,G,12,LAC
391,1.948223795505669,0.33162946015036293,1.4456662369924733,1.7118664024697217,1.9275410020613704,2.1538902576132353,2.5277747617213335,4606840,Jamir Watkins,G,27,WSH
456,1.9428523761379155,0.22739661883479917,1.5837602804082533,1.7843356498767071,1.9313046843819708,2.0935850136324454,2.323597910816124,4845367,Stephon Castle,G,24,SA
399,1.9424984233837275,0.2735489863718436,1.5159200781653754,1.755998337490183,1.9254357546639709,2.121102873758489,2.4028276484250686,4683689,Jordan Walsh,G,2,BOS
290,1.942405300576536,0.32087543107202166,1.4622501594225277,1.7160729865583049,1.9226453399598518,2.142946875099101,2.5092275083049462,4432185,Micah Peavy,G,3,NO
21,1.940223322960344,0.2550680285672931,1.5457590766423317,1.7551342390727707,1.9274846154319336,2.114175342936839,2.3740330212653857,6430,Jimmy Butler III,F,9,GS
205,1.9388429623029504,0.626028242824349,1.117753954326891,1.4956755231640768,1.8380544945656587,2.2664531460377075,3.0796682186655326,4279532,Stanley Umude,G,24,SA
105,1.9353058636718394,0.20300126345192873,1.6216118185009603,1.7951608357252336,1.929037563227772,2.0689365846868926,2.2728607797544202,3147657,Mikal Bridges,G,18,NY
33,1.9307091950750706,0.5978713206691555,1.1105862937935245,1.5112640580423768,1.84666220131129,2.259505075846138,3.019429122916435,2326307,Seth Curry,G,9,GS
449,1.9302535785193016,0.29269879099319834,1.4862267284105164,1.7188712637773873,1.9089461618799612,2.1174576682400112,2.4450895898091582,4711297,Justin Edwards,F,20,PHI
378,1.9297300764344731,0.30993367186973186,1.4471849903029146,1.710540411678668,1.9165304911858092,2.12212350591628,2.4764585941920725,4593803,Jalen Williams,G,25,OKC
51,1.9270886351327838,0.42816544695692665,1.3222569009972798,1.623374138379366,1.8796194506731772,2.1773954867963536,2.701773461296771,2968436,Joe Ingles,F,16,MIN
257,1.9253551715776311,0.5159470411005509,1.1955244933694211,1.5559083897499386,1.8663142197630793,2.2361929367572357,2.867046192044996,4411057,Kevin McCullar Jr.,G,18,NY
250,1.9226619303653167,0.20234674220765989,1.6077448048124645,1.7833647838775373,1.9145521723965273,2.0528837474645445,2.272367512758292,4397688,Trey Murphy III,F,3,NO
134,1.9215239646963564,0.21364350903678428,1.5889678611664722,1.772858712489006,1.9117705734728916,2.0641222714114225,2.287507250400173,3945274,Luka Doncic,G,13,LAL
9,1.920016160793687,0.53119837762043,1.174348426852423,1.547863654468947,1.8550831383935553,2.223813500833786,2.9024394211875544,3431,Eric Gordon,G,20,PHI
283,1.9183269177361653,0.204661934305568,1.5962518731981408,1.7783331275856848,1.9105214703328486,2.052955555948266,2.27392477701348,4432166,Cade Cunningham,G,8,DET
85,1.9103607607161486,0.2632022796139617,1.5128915199748867,1.728510727968142,1.8948479698730183,2.075419250149952,2.3702490291374403,3133603,Kelly Oubre Jr.,G,20,PHI
356,1.89898186662561,0.6257463370893465,1.0720260550814258,1.4530295457495606,1.8044299652002806,2.2385535432887296,3.016519247097656,4590360,Chucky Hepburn,G,28,TOR
531,1.8874392153549135,0.28150101951993756,1.452097819329616,1.6874867739984563,1.8721613304562257,2.0677844400632477,2.3753483589708217,5175647,Hugo Gonzalez,G,2,BOS
406,1.88522452271737,0.23189905881483128,1.527331656952346,1.7216038621708787,1.8724605446781366,2.0368086083872203,2.2811580346070417,4683766,Isaiah Collier,G,26,UTAH
453,1.8830763185728594,0.4339617351718659,1.2624748380743278,1.5766315718973394,1.8394844404779394,2.137994137636874,2.6516443843428013,4713010,David Jones Garcia,F,24,SA
316,1.88167978071957,0.24581362947783156,1.5038849706146982,1.7063032546111612,1.8739131223276329,2.04651747791755,2.303549630915723,4432907,Justin Champagnie,F,27,WSH
512,1.8801539756305294,0.2694784604992495,1.4666574155909142,1.6966626520626313,1.8619144349444952,2.051561782183679,2.3455609565607443,5106268,Nae'Qwan Tomlin,F,5,CLE
61,1.8779427419414882,0.34481527676295565,1.3652329768310203,1.6334449779361444,1.8525368403106943,2.084026857525986,2.4861089532336447,2999547,Gary Harris,G,15,MIL
203,1.875408550824265,0.3582324847316328,1.3351817264079315,1.6298719450227073,1.8490254521212228,2.0867239174085643,2.518768490118819,4279118,Keaton Wallace,G,1,ATL
291,1.8752531329850712,0.46637334332516545,1.1864150266008169,1.546463667646059,1.8282693901534048,2.158070292791627,2.7180927555738563,4432190,Andre Jackson Jr.,G,15,MIL
189,1.8710618760052717,0.219404005555083,1.5229052113779198,1.7205654761847307,1.8614210854307771,2.0116272702317146,2.2451387212477276,4278073,Shai Gilgeous-Alexander,G,25,OKC
80,1.8707993558383769,0.25347336730292597,1.4791362672453658,1.693424675497519,1.854329521774076,2.031980659986279,2.311939217924594,3102530,Jusuf Nurkic,C,26,UTAH
380,1.8687632039760327,0.22039685936046177,1.5189599548808668,1.719018708313058,1.8593097790226314,2.010229753461804,2.2450068939051517,4594268,Anthony Edwards,G,16,MIN
381,1.8646498972034855,0.24335151694721066,1.4964043933442774,1.6970383889387177,1.8472078887281822,2.0206145622237126,2.2815171058006323,4594326,Kris Murray,F,22,POR
95,1.8640015225362143,0.28778318988590884,1.4274001538540033,1.65925240881295,1.846534455922328,2.0506239374383366,2.367529022491005,3135046,Tyus Jones,G,19,ORL
235,1.8625794567553966,0.24923866809118045,1.4674011974665826,1.6880565222448836,1.852001197390567,2.021284530022338,2.2930891349880445,4397040,Brandon Williams,G,6,DAL
487,1.8589512181210117,0.25985320237203996,1.4567125560094074,1.6776337091103075,1.8468499583975129,2.0268742327918403,2.3033025034867096,5037871,Dylan Harper,G,24,SA
261,1.8555083982967022,0.23493613386542594,1.4810423659185827,1.6938297429068656,1.8453037464854196,2.008582975224492,2.259688577531405,4431679,Precious Achiuwa,PF,23,SAC
497,1.854546012649073,0.24855579328960362,1.4664023440753708,1.678643136501064,1.840966275410818,2.0163275129294846,2.282622805024016,5093267,Collin Murray-Boyles,F,28,TOR
467,1.8440617168816105,0.24218901430803133,1.4738547931898796,1.6735659213626848,1.8290850066679334,2.0029535307199744,2.2638961986659276,4888725,Ryan Dunn,F,21,PHX
461,1.8373103093595096,0.23093413158266277,1.477527637160788,1.6723592593621057,1.824129790805147,1.9934783949355064,2.223922822447741,4870562,Dominick Barlow,F,20,PHI
149,1.83444987345703,0.21146349561661898,1.4971083447788838,1.6858510572276864,1.828681960091016,1.972519626510559,2.195783219264465,4066259,De'Aaron Fox,G,24,SA
485,1.8343126840004038,0.41053536163115506,1.2604438273804295,1.5393880317051658,1.7905573093691838,2.0693765280723446,2.5637844273215515,4997539,Luke Travers,F,5,CLE
177,1.8337357115718493,0.41363172588523467,1.214151455076698,1.5459948536466332,1.8010784119029584,2.0799012047891963,2.568707168695464,4277905,Trae Young,G,1,ATL
320,1.8320765168084872,0.1878485279039562,1.5296630832028133,1.7034995385913938,1.8250368314794336,1.9528371921510352,2.1504911419677533,4433134,Scottie Barnes,F,28,TOR
45,1.8313342615631616,0.25840616105736,1.4318351757213443,1.6488688678677668,1.8156598156261916,1.996602736788963,2.2734664357299312,2581018,Kentavious Caldwell-Pope,G,29,MEM
446,1.8237582037653786,0.2159105923217297,1.4853538641713118,1.671909408993606,1.817362442294983,1.9688178821301097,2.192261083674404,4709138,Brandin Podziemski,G,9,GS
418,1.823168096110674,0.21753940965877513,1.4766870230471805,1.6739599977704882,1.8142101572316491,1.962355396738429,2.19865739901189,4684793,Kyle Filipowski,F,26,UTAH
107,1.8225417930412335,0.34523391263440845,1.302528306986736,1.5791512927312852,1.7941304194263195,2.034416990791212,2.434338583567035,3150844,Moritz Wagner,F,19,ORL
486,1.8134652166534413,0.355302521052856,1.2890052447675964,1.5598974782192447,1.7833840252667212,2.0395998588097872,2.4410402050573787,5023693,Tyrese Proctor,G,5,CLE
471,1.8116043879166368,0.42637017875041366,1.2095616633924526,1.5056441415567317,1.7671003067198323,2.0610820952356574,2.580715588373363,4897449,Malevy Leons,F,9,GS
48,1.809872486971724,0.22852753930681477,1.4489525325421226,1.648554185862599,1.799214596942028,1.9619228052512947,2.1985638350890166,2595516,Norman Powell,G,14,MIA
355,1.803350600067757,0.54951671615587006,1.0447921395217148,1.4213854689316614,1.7318830354095298,2.0991135869129485,2.814932358769192,4585618,Keshon Gilbert,G,27,WSH
17,1.800678218686124,0.25770691190755746,1.396585656123989,1.6217494538628678,1.787435657187805,1.966257929949127,2.24369527718481,3995,Jrue Holiday,G,22,POR
301,1.7940733141190763,0.3489004449223037,1.274201314849502,1.5460080059596777,1.7691980507613625,2.009036878716532,2.4157735485116847,4432809,Cole Anthony,G,15,MIL
71,1.7928287374626672,0.21928987976630518,1.4508221385407614,1.6397430639300308,1.783373313572852,1.9323516822852906,2.1721199927431742,3062679,Josh Hart,G,18,NY
248,1.7865083701372324,0.5989046737104976,0.9729280467416537,1.3686302389644822,1.7033933575951727,2.0985490709340846,2.8916842414426287,4397450,Darius Brown,G,5,CLE
495,1.784307550346632,0.2303344482232164,1.4217464834496858,1.6163849594051916,1.7761339939654,1.9382880591647131,2.1723172061128757,5081727,Sidy Cissoko,G,22,POR
272,1.7816851872790525,0.33213790180992775,1.2795656499595818,1.5469400106982554,1.7563588816574391,1.986327802044201,2.3847430063550346,4431772,Myron Gardner,F,14,MIA
44,1.7810309256855743,0.33568784725118533,1.2781748063722675,1.545783193126583,1.7525886285482124,1.984078214054861,2.384928696825169,2580365,Larry Nance Jr.,F,5,CLE
366,1.7771209888080475,0.29133431726054526,1.3223590359308324,1.5733229989516142,1.758337957824574,1.9625555550886427,2.2892623299606742,4592492,Bones Hyland,G,16,MIN
303,1.772938712501307,0.30486894170288564,1.308731530750956,1.5635455208859925,1.7578448659022912,1.9662752434562034,2.314846369439189,4432811,Josh Green,G,30,CHA
299,1.7703382535050565,0.5863292091711994,0.9862983326220254,1.3439265800497513,1.6775356043149332,2.09103244984049,2.8449573665768564,4432645,Trevor Keels,G,14,MIA
169,1.7696744031296516,0.4957587322356451,1.0652191534050226,1.409776092360402,1.7109500224230898,2.0680578786112642,2.6838279701769716,4067017,A.J. Lawson,G,28,TOR
431,1.769552484752667,0.6015042326638259,0.9747647907856122,1.349936869266723,1.672015219721446,2.0863527404426288,2.902299054391088,4701992,Max Shulga,G,2,BOS
226,1.7682707671404714,0.2914930285071916,1.327164688038362,1.5599714018760809,1.7489040527639825,1.9573105047347665,2.2635379580878463,4396818,Jordan Miller,G,12,LAC
211,1.7668808771744196,0.26671557319850847,1.3554849472018287,1.5777774480812843,1.754065424237877,1.9359763804397658,2.227590381740414,4351852,Mitchell Robinson,C,18,NY
437,1.7653486284851299,0.23201257093321243,1.4085972076349866,1.6005096265128143,1.749397966275608,1.9146871781507824,2.1649866117504084,4702384,Nique Clifford,G,23,SAC
331,1.7620913026347884,0.5445667151696671,1.00008750309115,1.3770182439472793,1.6899641753965116,2.0661895150578062,2.7504866595815365,4433246,Patrick Baldwin Jr.,G,12,LAC
338,1.7574266817353421,0.5975850872078036,0.9682395490272889,1.3398397791099534,1.66862503266273,2.061096968636683,2.8575366906003907,4433378,Colby Jones,G,8,DET
224,1.7548173426964087,0.20028713798765155,1.4415569841155123,1.6171701574390078,1.7455186493171229,1.8808072993575786,2.093992610315225,4395724,Immanuel Quickley,G,28,TOR
538,1.7512379159428413,0.3105767574619332,1.2766876909763716,1.5349492263313103,1.7317410999032388,1.9366470903240505,2.298100314795064,5214640,Kasparas Jakucionis,G,14,MIA
284,1.7472509036553845,0.2707464478908678,1.3278686115204976,1.5575547734768582,1.7292956044701415,1.921597011182021,2.225683846601094,4432170,Isaiah Jackson,F,11,IND
197,1.7428015418118772,0.3650472682620153,1.1968915469171748,1.4817594283369213,1.7115212113386304,1.9737251657166248,2.367415233991643,4278516,Ethan Thompson,G,11,IND
504,1.7420314300445072,0.33415195720517193,1.2535940774168646,1.5048268770609394,1.7176353297219658,1.9441856408476967,2.338608110783909,5105592,Cam Whitmore,F,27,WSH
47,1.7359196206452443,0.19389563701603332,1.4349938575072618,1.599511975525865,1.7266414035018642,1.8589661964231463,2.073320922455001,2583632,Royce O'Neale,F,21,PHX
463,1.7349979267655475,0.20309795537903338,1.419220480626388,1.5972084776179272,1.7229421107110539,1.8677305741370007,2.0872717674817154,4871144,Alperen Sengun,C,10,HOU
454,1.733876856482384,0.3373328867214508,1.2286302092301093,1.493934083232267,1.7051841223436695,1.9518833515923153,2.322413108758822,4781746,Javon Small,G,29,MEM
102,1.7307632606843788,0.41383623913582684,1.1509610959308045,1.440508844323892,1.682342205417199,1.9554776821327613,2.486897540494624,3138161,Cody Martin,SF,11,IND
375,1.7249523927017685,0.5561881028227951,0.9846992013913525,1.3217850460260707,1.6470666649535879,2.0324920733418694,2.7458312403922926,4593043,John Tonje,G,2,BOS
288,1.7226004895924705,0.4055892290841624,1.1527892086302793,1.429049135713009,1.6756103363486998,1.9561895047043865,2.4458681715011075,4432179,MarJon Beauchamp,F,20,PHI
348,1.7189847430562328,0.3730535626290109,1.1640022578464864,1.4552140895234091,1.6852027077654195,1.9469474856364781,2.3888624390504996,4565201,Malaki Branham,G,27,WSH
78,1.7171839470684707,0.1897747839029066,1.4180995865787154,1.585765599821511,1.708737967751597,1.836882765638585,2.0488608449079715,3078576,Derrick White,G,2,BOS
436,1.708189424349123,0.21563528842213078,1.3767291541213236,1.5583012139399748,1.6941713681354869,1.847178238258036,2.0769880699857937,4702382,Tristan da Silva,F,19,ORL
473,1.7057328530875568,0.5501520766158332,0.9643065078988391,1.3205442502831568,1.625001482408385,2.0033992553531252,2.7249785698936333,4898238,John Poulakidas,G,6,DAL
285,1.7019950037790792,0.21266936335678946,1.3649973601690653,1.5556347389342648,1.6917895284460958,1.8442204503718993,2.064113665346006,4432171,Moses Moody,G,9,GS
428,1.698344653477837,0.21633259600123073,1.360279033743032,1.550076669068463,1.688356129302782,1.8376985834823634,2.0674435851501327,4701232,Mark Williams,C,21,PHX
86,1.6967542600574321,0.2922031760665523,1.243320456514844,1.4938687746857058,1.6759934355510828,1.88047805761055,2.2101867017153762,3133626,Kenrich Williams,G,25,OKC
491,1.696570202755157,0.37727558424819807,1.1602548196087699,1.4320944595887168,1.6496279104094227,1.914381172002804,2.384985729712999,5060631,Adou Thiero,F,13,LAL
147,1.6957842021411824,0.25799561515361114,1.303581424890967,1.5179885625973473,1.67941414511849,1.8530491601065315,2.1406365160461087,4066211,Robert Williams III,C,22,POR
195,1.6930502561847336,0.37263402795529,1.1578806823241454,1.4321392070188899,1.6534886096461323,1.9125571745841203,2.3790894177241113,4278355,Obi Toppin,F,11,IND
409,1.6918852207472503,0.2605248669295908,1.295051513473742,1.5133145036023974,1.675927195854315,1.855365853995543,2.1425073745839702,4683778,Jared McCain,G,20,PHI
83,1.6918532517151839,0.2017933979232829,1.3779401971553529,1.5516845209941388,1.6820010328141404,1.8218257463052354,2.028741211581499,3112335,Nikola Jokic,C,7,DEN
70,1.691383637277828,0.35696786658547336,1.158709378922072,1.4374178941341342,1.6602447987362914,1.9088561576906637,2.3225485581829,3059409,Nigel Hayes-Davis,F,21,PHX
8,1.6883897753945774,0.22716868569265408,1.3406546757539226,1.524981321780942,1.6733631170286196,1.835315855990668,2.0782640481441144,3416,Nicolas Batum,F,12,LAC
135,1.6848188185731214,0.3851979987661856,1.1300887401880886,1.4093634965041457,1.646856241430311,1.9145521264562781,2.376534539180496,3948153,Chris Boucher,F,2,BOS
337,1.682440844069975,0.21571084245666655,1.3485704233382467,1.5259934710631542,1.6692292417645653,1.8244878592552065,2.0608240139982916,4433287,Brandon Miller,F,30,CHA
209,1.6816096341308406,0.27210235943900957,1.2770708643895887,1.4901429456301427,1.6599452624987672,1.8458995803304177,2.172236797477845,4348700,Goga Bitadze,C,19,ORL
230,1.6814288648284668,0.20161555462687558,1.3663918080742066,1.5440922748862251,1.6711231874476438,1.80823274949158,2.0303511486447317,4396971,Naz Reid,C,16,MIN
3,1.6787575191999318,0.4913901674495764,0.9937060958043358,1.3290418177364773,1.6197997700709381,1.9606835538387157,2.5701182669495797,3012,Kyle Lowry,G,20,PHI
35,1.6768499693697065,0.3183252840859897,1.2015072453186408,1.4531654453004388,1.6484117913167158,1.8815993475558186,2.2380882171185927,2489663,Kelly Olynyk,F,24,SA
170,1.675106881903072,0.266662967516426,1.2746876287946216,1.4871854089734169,1.6527766042811702,1.8402854644575521,2.15093807712509,4222252,Isaiah Hartenstein,C,25,OKC
433,1.6745909329906856,0.4110789131686695,1.0937012359870877,1.3867845165815564,1.6285736742392292,1.9050525122324333,2.4257194516534826,4702159,Dillon Jones,F,18,NY
335,1.6745604194104033,0.5063657613200497,0.9682674044112868,1.3113186358744657,1.605462581843332,1.9631939853600155,2.6039327325399246,4433268,Trey Alexander,G,3,NO
113,1.6718960640483842,0.41273203534395686,1.0918381441171807,1.377423782038286,1.625823026729728,1.9097922447361606,2.3970371543757043,3906665,Brandon Clarke,F,29,MEM
427,1.6712812852170646,0.17593625959786016,1.3960520639908034,1.55033426397528,1.663121987221705,1.7872416304623728,1.9659296179002521,4701230,Jalen Johnson,F,1,ATL
16,1.6689831773146262,0.20085795731899206,1.349028979409949,1.5322959249363752,1.6628132601171552,1.797145129452617,2.0149195011718004,3992,James Harden,G,12,LAC
360,1.6682624443637841,0.4670941707930822,1.0000366846152335,1.3495511175555959,1.6084557907708412,1.9303700951021383,2.5309339034913934,4592216,Alondes Williams,G,27,WSH
357,1.6666135284229198,0.5293540906646622,0.9596988958946023,1.290435605973053,1.5947992720170503,1.960041954939416,2.6326730910752967,4591259,Koby Brea,G,21,PHX
307,1.665207470557755,0.3034217513337625,1.2226248750874318,1.4465459019337779,1.6412458436138688,1.8585607382164353,2.19243792334332,4432819,Tre Mann,G,30,CHA
379,1.6612776623703605,0.26357878690942577,1.258498107847609,1.4735310814787645,1.6452611932700556,1.8282327043819053,2.1220994934793844,4593841,Baylor Scheierman,G,2,BOS
319,1.6601491975248184,0.510670602201722,0.9623768350757408,1.2942752113948106,1.5909662654867625,1.9420713411547172,2.5730009500684723,4433133,Jahmir Young,G,14,MIA
185,1.6584260171722531,0.1869465877854462,1.3605138995117072,1.5287575748356979,1.6483456779193162,1.7808007785725102,1.983575264680891,4278039,Nickeil Alexander-Walker,G,1,ATL
221,1.6582105098142776,0.23037207384843533,1.3030539508601595,1.4916022359339929,1.6486573789259737,1.808389955063432,2.050663785263486,4395702,Isaiah Joe,G,25,OKC
362,1.6576392975204262,0.21865386110822205,1.3194895675949916,1.5063218189174332,1.6432920450631672,1.8000421138750327,2.0379419217946877,4592427,Spencer Jones,F,7,DEN
460,1.6571741197069618,0.19306942302505264,1.350938071497095,1.5233469678480638,1.650117880292557,1.777793832037289,1.9860328878082725,4869780,Derik Queen,C,3,NO
521,1.6555848537189066,0.25942530210438763,1.2632705774582211,1.4763751151241393,1.6380184227395425,1.824462307973958,2.0856069325365345,5144126,Will Riley,G,27,WSH
187,1.653961367711373,0.21045253229216765,1.323553756750236,1.5086737028840804,1.6421522058009714,1.78482846815313,2.025367473245327,4278053,Davion Mitchell,G,14,MIA
243,1.65132305168889,0.2674643150876185,1.2378120185565933,1.468033176383936,1.6293682825706703,1.8215653884037444,2.123234002507625,4397227,Vince Williams Jr.,G,29,MEM
394,1.6508368756031782,0.4835618158587934,0.9804967742356617,1.3127351331808983,1.5876171933320637,1.916134433911261,2.525386144168344,4683024,Killian Hayes,G,23,SAC
329,1.6500203334234187,0.29874150511297826,1.199662137904649,1.4344521880814247,1.62837537588274,1.8352633689044433,2.171837774041114,4433218,Jaden Ivey,G,8,DET
339,1.6497283050663716,0.3845426297472767,1.107783353811673,1.3693730490039018,1.606910692340815,1.877124728367155,2.3365276423193717,4433569,Johni Broome,F,20,PHI
534,1.6492862199829408,0.21367980752948953,1.3229331141252267,1.4947632662542492,1.6420123468094359,1.7897141821474136,2.0113553273500977,5211175,Zaccharie Risacher,F,1,ATL
183,1.6482772276803703,0.20428573037250344,1.3344956300723927,1.5091547418075058,1.635528281604364,1.7803530707146873,2.003745198918526,4277961,Jaren Jackson Jr.,F,29,MEM
158,1.647937613744413,0.23415453482385357,1.2730581423291243,1.4908966492872824,1.635847816225629,1.7979686903276078,2.046116975420226,4066372,Kevin Huerter,G,4,CHI
314,1.646964102742495,0.3980890374632761,1.0807239183990969,1.3638971379673346,1.6023401133136679,1.8803337943840517,2.3612904495717295,4432872,Emanuel Miller,F,4,CHI
532,1.6423171581352873,0.4026574595896237,1.0751246917317951,1.3663856932360428,1.5931078578682623,1.8686371824286498,2.377872939778255,5177362,Riley Minix,F,24,SA
543,1.641754793352227,0.39393087592439335,1.0851020853992677,1.3700756499404512,1.5948630532139276,1.8698356125333155,2.362633411114334,5242496,Noa Essengue,F,4,CHI
262,1.6414657416020224,0.19033086458160725,1.3446013431825234,1.5090900626379895,1.6341589528590321,1.7635304173148154,1.968382316515011,4431680,Onyeka Okongwu,F,1,ATL
537,1.6400195984764283,0.28252807419886605,1.2015221646895804,1.4475107500053208,1.6204470311174455,1.8142021637198775,2.1445078302994793,5214637,Noah Penda,F,19,ORL
186,1.6400097840604801,0.23508627616805367,1.2763981782904075,1.4735203722958001,1.6281208717910616,1.7888105247381945,2.0482945688037204,4278049,Daniel Gafford,F,6,DAL
251,1.639128260520195,0.3855089504825037,1.0888586853846929,1.3684037971984133,1.5983173156157104,1.8490432641621128,2.3483723942557626,4397689,Drew Peterson,F,30,CHA
374,1.6378500192120582,0.4114738045817062,1.0632428799735125,1.34443143633445,1.5855602887932485,1.8681420638539037,2.373221173686625,4593041,David Roddy,F,7,DEN
122,1.6373559675653377,0.4065212142889733,1.052322617610327,1.347182692455265,1.5955523020720062,1.8877743982437487,2.3663500006654776,3913180,Garrison Mathews,G,11,IND
139,1.6349202048115472,0.2821690771091068,1.2046823512076128,1.438047544272438,1.6164940520489854,1.8091642232294214,2.1306519057682207,4065654,Jonathan Isaac,F,19,ORL
344,1.6327530744055878,0.4901601052066143,0.9572132658415707,1.2842243204282884,1.5677245341106298,1.9004479621861818,2.510443497376268,4433623,Caleb Houstan,G,1,ATL
252,1.631327927107881,0.4856353751076853,0.9516163788428438,1.2847712534634823,1.5627371148242148,1.9036569156763008,2.532549122240221,4397821,Nate Williams,G,9,GS
43,1.6312235931532588,0.3984895054527786,1.0528536383489497,1.341840310169201,1.589527974012666,1.8833887414227397,2.343002829415119,2578239,Pat Connaughton,G,30,CHA
65,1.6306015601403752,0.22471797976708982,1.2820371721949537,1.4693041772309767,1.621595047114114,1.7746977795954633,2.0247271007286107,3032979,Dennis Schroder,G,23,SAC
336,1.6283360059004373,0.5119694020095676,0.929168482425312,1.2556644410366593,1.5559333395952075,1.906312443323692,2.597483406736769,4433281,Hunter Sallis,G,20,PHI
15,1.6272627584115247,0.1883443410525812,1.3302866295792692,1.4950594218664606,1.6207148101848798,1.7498650179771627,1.9416969757189066,3978,DeMar DeRozan,G,23,SAC
324,1.6265845015944804,0.5212404373672801,0.9082897079244597,1.250313832776737,1.5603088846706887,1.9234701935433787,2.569974489170073,4433149,LJ Cryer,G,9,GS
474,1.6261346154644718,0.5193478411469502,0.9136531515424261,1.2664958606535703,1.5542315724386921,1.9120660826829965,2.5815212048008376,4898369,Curtis Jones,G,7,DEN
421,1.6245709544357585,0.44097467687724295,1.0120524799208501,1.3142275427949157,1.573751194544251,1.8744148229385935,2.3999131325570637,4696317,Miles Kelly,G,6,DAL
478,1.6244060010301622,0.37220335655416303,1.090340859471917,1.354671466524355,1.5829484615657954,1.8551898690058466,2.3096667950237033,4906923,Bobi Klintman,F,8,DET
444,1.6226325090777927,0.5116645565756802,0.9233505151103344,1.2657688141099404,1.552234830652144,1.9022532373213914,2.583505204818147,4703530,Mark Sears,G,15,MIL
119,1.620988500023223,0.22561586734385397,1.2741230272640398,1.4583501205128102,1.6088619501745145,1.7689678939943758,2.009827525686175,3912848,Dean Wade,F,5,CLE
402,1.619968985032987,0.36102235114722225,1.0980495136911166,1.364424311259019,1.5798217461480846,1.834548386280778,2.271006554897468,4683742,Julian Reese,F,27,WSH
246,1.6124121032311591,0.21363799922151502,1.2877599525685715,1.4640981825143986,1.5983592026996916,1.7499023468154955,1.9741206448876873,4397424,Neemias Queta,C,2,BOS
354,1.6118357545773547,0.21648369770067377,1.269672389552253,1.4665359928886237,1.600496503034607,1.7513712288548242,1.9927841176509098,4578893,Vit Krejci,G,1,ATL
202,1.6117589989904573,0.19137971168765663,1.315598533617038,1.477580213585277,1.6037423400787627,1.735259487287618,1.9390612559109153,4278594,Naji Marshall,F,6,DAL
69,1.6102259336580071,0.17861544470240365,1.3324195451855814,1.4854251641212868,1.6009457503869204,1.7263562293526307,1.9213054077202032,3059319,Andrew Wiggins,F,14,MIA
343,1.6097584050478804,0.3969061392041176,1.0475610180941268,1.3281106061643477,1.5644707129132658,1.841932316482513,2.330137832525807,4433622,Chris Livingston,F,5,CLE
206,1.6082313160907311,0.3055618352179192,1.1417815823434774,1.3948568925661744,1.583147018460119,1.7982948017044897,2.155289499432643,4279888,Ja Morant,G,29,MEM
351,1.6026499169946746,0.41155053545315995,1.01494373249646,1.315313524113135,1.567926207341373,1.8425461008579322,2.325101202626082,4576085,JD Davison,G,10,HOU
372,1.6025083100723136,0.3748771102337754,1.0640694461281064,1.336879124650996,1.5610783955305296,1.823516073189493,2.2913339215260042,4592857,Isaiah Crawford,F,10,HOU
182,1.5994232991584176,0.3037052533630132,1.150403755923437,1.387200176527013,1.5761774364034926,1.7845284979764502,2.131665424940297,4277957,Isaiah Livers,F,21,PHX
536,1.5992454437609633,0.36405015591748446,1.070656598839199,1.3385191875152425,1.5620790641374716,1.8181035798186889,2.2562586808081995,5211983,Pacome Dadiet,F,18,NY
126,1.5989878490030405,0.3105688703847361,1.1326942745726951,1.386533533265816,1.5719011617453666,1.7897793777719868,2.138012993724317,3922230,Aaron Holiday,G,10,HOU
353,1.5985210248100028,0.2090953716490464,1.2677664519112875,1.4536615781939137,1.586820485634026,1.7327276467222674,1.9638358442963955,4576087,Peyton Watson,G,7,DEN
46,1.5982134537951471,0.28844677027310245,1.1679062411371672,1.3931375656847238,1.5769080067161756,1.7839265254831278,2.0918160194893236,2581184,Anthony Gill,F,27,WSH
306,1.5975348971142769,0.43918096192486056,0.9748314052307274,1.290774882384351,1.5417575906452643,1.853541235725194,2.3891570612834103,4432817,Johnny Juzang,G,16,MIN
469,1.5972914481506617,0.24266582284767904,1.2280536721483137,1.4239470420920317,1.5841436370266349,1.7565107363395693,2.018824184800964,4896372,Walter Clayton Jr.,G,26,UTAH
505,1.5967132637516608,0.20532589687912356,1.2772888710527999,1.4571844590113663,1.5860431465273521,1.7252133841488178,1.9520472152196793,5105623,Kel'el Ware,C,14,MIA
315,1.5965043383755682,0.49367452705592657,0.9168928146791397,1.2545806989217767,1.5269391862562531,1.8660174570372534,2.493988674036522,4432887,Tyson Etienne,G,17,BKN
371,1.5916276447860487,0.2851425497049804,1.1532002849608458,1.3895846325573322,1.5741857525405023,1.7730888985080124,2.090419457494844,4592829,Quenton Jackson,G,11,IND
401,1.5904212450086166,0.44731509136451236,0.9720183597470798,1.266491059598303,1.5411648541275573,1.8487194947015875,2.3988608405983713,4683736,Kobe Bufkin,G,13,LAL
530,1.5875856267069004,0.22248375078775207,1.243920143910763,1.4327623568316166,1.5756790916312053,1.727332262741774,1.975844691894499,5175643,Egor Demin,G,17,BKN
199,1.5867949538498882,0.3397878755242924,1.0788398925797467,1.3441028672213644,1.558316115306535,1.7928485964917593,2.191843106635709,4278572,Jamal Cain,F,19,ORL
200,1.5865582458771796,0.20256046366652342,1.2697029324729885,1.44169475818597,1.5804726747326168,1.7174896622271787,1.9305868670281334,4278580,Sandro Mamukelashvili,F,28,TOR
79,1.5854747491934489,0.2755886427225179,1.1730152807426009,1.389699611831171,1.5668279055286136,1.7576400646137538,2.059006761085636,3102529,Clint Capela,C,10,HOU
529,1.5838903420220605,0.2030480194609985,1.2696913706381994,1.4390320179085059,1.5720915889480476,1.7208245176991683,1.9373474098652639,5174563,Kyshawn George,F,27,WSH
367,1.583464517331442,0.4761667352560303,0.9337766987902427,1.2473116567368043,1.517443949550053,1.841475086558097,2.472964506552376,4592686,Antonio Reeves,G,30,CHA
254,1.5831552073263404,0.3889042340346601,1.0315438356151139,1.310955826731608,1.5394260548441414,1.8034499373266057,2.2794365721855536,4397885,Dalano Banton,F,12,LAC
184,1.5810271695891176,0.3496175460957974,1.0731444534988963,1.3341228220721209,1.5470907484299585,1.789148236736781,2.2073984886321183,4277964,Xavier Tillman,F,2,BOS
22,1.5804252896387785,0.21008409554769822,1.2521184076498064,1.4357764111557119,1.568340101604846,1.7139967253544206,1.9524399237511119,6440,Tobias Harris,F,8,DET
359,1.5801136403826022,0.36838519198236497,1.047681041228358,1.3258392575701023,1.5436042758806114,1.7977667769242525,2.230727097862621,4592187,Wendell Moore Jr.,F,8,DET
108,1.5797316548253848,0.19227262058662623,1.2727518619262634,1.4487725695053773,1.5695152089627835,1.7010507899784808,1.9132492830994465,3155526,Dillon Brooks,F,21,PHX
138,1.5790548563815348,0.3861155751097854,1.0272232856694135,1.3074769191264068,1.542960949636944,1.8037570119713138,2.2799511538382213,4065648,Jayson Tatum,F,2,BOS
193,1.5743096715854141,0.20097223610565446,1.2604548297070197,1.4346901927609945,1.5661029748274564,1.7023359640106528,1.921455709753975,4278104,Michael Porter Jr.,F,17,BKN
67,1.5733681741524141,0.4737814761334812,0.9175732074776282,1.2357809793350536,1.5108107329130835,1.8453312442570373,2.444286375196193,3059310,Monte Morris,PG,11,IND
547,1.5718304707782143,0.2883087047771845,1.1326762783777242,1.3759344531134963,1.5492816162553875,1.7412648659512397,2.0906699047129624,5289900,Mohamed Diawara,F,18,NY
522,1.568536556068885,0.28537484309139055,1.1349686101498693,1.3715295260321922,1.5518262505703304,1.743658092551018,2.06340460580252,5157066,Johnny Furphy,G,11,IND
424,1.5676260525495138,0.3797133258900457,1.0261826765959703,1.2898304330696748,1.5356171493134823,1.7965867211508066,2.2463243162991002,4700852,Chaz Lanier,G,8,DET
392,1.5653675801759794,0.28497478943742854,1.1413066658268558,1.3640091856857532,1.5414308679977795,1.746403355630615,2.074523845065878,4610139,Jeremy Sochan,F,24,SA
489,1.5647153435582335,0.18746556896616548,1.2722445107897467,1.438650786165158,1.552483878287089,1.6835082017112692,1.8888014403659494,5041939,Cooper Flagg,F,6,DAL
500,1.5643323367703537,0.20721838004312973,1.25098793377357,1.4238611568928077,1.5521766875343552,1.693680449304481,1.9239833555279324,5104157,Victor Wembanyama,F,24,SA
1,1.5642085378377404,0.20147176929362914,1.245819665466893,1.4247189276947916,1.5522383953659105,1.6915758716866085,1.924126210605635,1966,LeBron James,F,13,LAL
441,1.5600002946707254,0.3828908247908552,1.0184942359274782,1.2861065261038447,1.5152693458356663,1.7823214695274372,2.2404459284646956,4702785,Jahmyl Telfort,F,12,LAC
263,1.5596648193761868,0.2803312289807369,1.129287575786903,1.3591567417759187,1.539904770810017,1.7395456029101788,2.0470023695605724,4431684,Trayce Jackson-Davis,F,9,GS
29,1.5561657364799595,0.2699772789610348,1.1449653743607242,1.3639498583753111,1.538706858454045,1.7253139586261703,2.031617555677529,6583,Anthony Davis,F,6,DAL
439,1.5551892804140324,0.3654138112584041,1.0294509126618114,1.2942352211435622,1.519906812209413,1.7661793131467127,2.231050621489592,4702670,Grant Nelson,F,17,BKN
131,1.553691678127952,0.24249509273958747,1.178687737891158,1.385187767211614,1.5380047068345177,1.7086267812982072,1.9758953946034148,3936099,Derrick Jones Jr.,F,12,LAC
527,1.5516485968291513,0.3990187581539519,0.9858183049641166,1.2664756076214294,1.5025031682228103,1.7787981426259205,2.28295526033078,5165257,Trentyn Flowers,F,4,CHI
52,1.5506920863906655,0.3295723818544553,1.0684258444066554,1.3183652750282033,1.516307594085656,1.7518775370129311,2.1399641299437304,2990962,Taurean Prince,F,15,MIL
383,1.5506165588242322,0.2665996257318134,1.147354761361329,1.364920735959343,1.531807106757093,1.7212279468838707,2.017013390279613,4595400,Olivier-Maxence Prosper,F,29,MEM
120,1.547342291450447,0.22066742146780013,1.198342779201248,1.393625084087096,1.5325479612142687,1.6924334992651682,1.925953209547999,3913174,Luke Kennard,G,1,ATL
28,1.547069997138965,0.4396984066868391,0.9284313051367914,1.236925069843544,1.4945603853454457,1.7960044310755228,2.3770046126977564,6580,Bradley Beal,G,12,LAC
466,1.5470484612904787,0.2749806991343244,1.1343693049635242,1.3515140181998353,1.5267430533524124,1.7167079865987573,2.0304416775539673,4873201,Asa Newell,F,1,ATL
432,1.544411598929227,0.38624248401805955,0.9970731206582951,1.2755997865616266,1.5019933929129954,1.7640618247055624,2.228665285588249,4702134,Norchad Omier,F,12,LAC
386,1.544318141789278,0.38443303196620293,1.007064316338228,1.2762968730875568,1.4966689616577376,1.7640398585072612,2.2335357311843773,4597865,Tosan Evbuomwan,F,18,NY
289,1.5438008213806182,0.27600290407397127,1.1221181829069802,1.3518143868251336,1.5180464280930988,1.718681447523647,2.0304022130292214,4432181,Julian Strawther,G,7,DEN
369,1.5424082339652627,0.36584860424649557,1.0175888330687932,1.2880019048828677,1.5093138046891803,1.7532367209417838,2.199061777845903,4592699,Enrique Freeman,F,16,MIN
155,1.5415046707802251,0.2004248968488351,1.229745044780667,1.402680522943935,1.5342701311166618,1.6687677941740957,1.8860466000391525,4066328,Jarrett Allen,C,5,CLE
483,1.5403642605131038,0.26960301526305036,1.135638993820976,1.3527659850273932,1.517260457479464,1.709879565428418,2.0213183161423443,4997537,Tristan Vukcevic,F,27,WSH
14,1.5400040195069526,0.22151039347550475,1.1988448859631828,1.3809969692902746,1.529530571113876,1.6778983993566032,1.9230666035203854,3975,Stephen Curry,G,9,GS
50,1.538954147927958,0.2847575650938419,1.1194092476503659,1.3370389802100093,1.512836615794109,1.7172784707631534,2.0521973602634986,2960236,Maxi Kleber,F,13,LAL
273,1.5370229949053074,0.3116172820485747,1.0762547794521733,1.3097847085937309,1.504749385460101,1.7429375152031379,2.094181716297794,4431778,Christian Koloko,C,13,LAL
99,1.5368445622521456,0.29374523547564896,1.096341870908767,1.3279759497961918,1.5124287791550075,1.7229182649272492,2.061290712615884,3136777,Jae'Sean Tate,F,10,HOU
150,1.5354876874730208,0.18510531800385063,1.2453909381068766,1.4084359268878264,1.5260721092185596,1.6556569641314205,1.8583947887988463,4066261,Bam Adebayo,C,14,MIA
341,1.533257089066839,0.3840681924732919,0.9984921842883702,1.2629068791296993,1.4900167778502338,1.7579820137310416,2.2224868921566245,4433618,Harrison Ingram,F,24,SA
397,1.532873592410739,0.3475699658880778,1.0252223072034168,1.2846856895764194,1.5050525767943874,1.7449550835870162,2.143028841384724,4683686,Nick Smith Jr.,G,13,LAL
41,1.5326739260487992,0.252152362152974,1.1485821158424325,1.3606205238579836,1.5136567588989722,1.684658770872625,1.9791559950874285,2531367,Dwight Powell,F,6,DAL
349,1.53074494063579,0.23857256897813708,1.173383999905565,1.3671511391429667,1.5140293768373456,1.6786934791699037,1.946088231025667,4566434,Franz Wagner,F,19,ORL
464,1.5275036026308586,0.2152098112673409,1.2065572011992787,1.3775200038086974,1.512238713830542,1.6658049041540042,1.8980097313257351,4871145,Josh Giddey,G,4,CHI
106,1.526460399943122,0.17981945201735325,1.2433788193563566,1.4002636087091398,1.5193524255000286,1.642397427916578,1.8331079932648409,3149673,Pascal Siakam,F,11,IND
364,1.523908393504464,0.37538358836701846,0.9862804450393832,1.2624417863209567,1.4722909967852973,1.75114486322441,2.200820301522638,4592461,Jacob Toppin,F,1,ATL
7,1.523227069029132,0.25226432760241607,1.1429441897340877,1.3491569877547234,1.5066982207374333,1.6784220974427029,1.9627478842531254,3213,Al Horford,C,9,GS
220,1.5224903494504627,0.38471869705289674,0.9763355026435245,1.256911548439882,1.4794066265212633,1.7327453422317642,2.2165800864643765,4395676,Buddy Boeheim,F,25,OKC
276,1.52186677171051,0.24150192896351594,1.1445632935868784,1.3511331443975712,1.5069365734985163,1.6749061737589477,1.9370701428661146,4431823,Miles McBride,G,18,NY
164,1.520133886134531,0.22103215924795028,1.1752642313364263,1.3611305290803777,1.5035333210695145,1.6639719536905746,1.9057979034165562,4066457,Austin Reaves,G,13,LAL
275,1.5183141989023174,0.33276059537822844,1.0251354258786667,1.2783193534408683,1.4858976425164365,1.7237996611158501,2.1069893913746967,4431786,Keshad Johnson,F,14,MIA
455,1.5171840610481133,0.3274663008470359,1.0211475277858544,1.2844419458669647,1.4850389590535809,1.7217615243139324,2.095977721460119,4845363,Cam Christie,G,12,LAC
258,1.5167159633417229,0.1752650313091809,1.2400696088356877,1.39732419344109,1.50833860305061,1.6274446006060606,1.8180836111175709,4431671,Jaden McDaniels,F,16,MIN
269,1.5159138013336857,0.16574392168063845,1.2574688740697557,1.4015609803810019,1.5087174656480735,1.6264663807750273,1.8038744431978844,4431736,Toumani Camara,F,22,POR
266,1.5130488240373934,0.325950387695162,1.0350269194945685,1.2800583881984364,1.479459144111519,1.7142865216485503,2.0888666678328756,4431695,Drew Timme,F,13,LAL
91,1.5104867889843026,0.25191218585569575,1.1232320236035338,1.344864495987816,1.497743052188719,1.660373467435214,1.961875393343635,3134908,Jakob Poeltl,C,28,TOR
34,1.5100398097740002,0.3556553715527286,0.9924267239305847,1.2609535999095511,1.4728329056840952,1.7158757026573794,2.155839853206215,2488653,Mason Plumlee,C,30,CHA
518,1.5098212461786626,0.18451113994624718,1.21469005025479,1.3834551289833765,1.502860987864093,1.624149829138485,1.836229699757332,5112087,Jaylen Wells,F,29,MEM
308,1.5097533648163448,0.3489700219864406,0.997514668110475,1.261660601705342,1.4733821855986187,1.7221542736583335,2.1527388451961103,4432821,E.J. Liddell,F,17,BKN
110,1.509436419285995,0.2532539242430887,1.1342181484934033,1.3331633819749436,1.49173636148246,1.663567325174254,1.9416838824888187,3155942,Domantas Sabonis,F,23,SAC
510,1.5090865081035383,0.18111323793405562,1.2236996427070472,1.3849155358179406,1.5040117779815625,1.624402042769845,1.812726561248405,5106060,Jarace Walker,F,11,IND
216,1.5089054754557043,0.18733533735834457,1.2199298827824805,1.376927049921625,1.4981168309140096,1.6312529841664896,1.8375881800926948,4395628,Zion Williamson,F,3,NO
345,1.5069160701630064,0.18703447229658968,1.2113684222961214,1.3758381543162121,1.4985228266550963,1.6357325565083591,1.816512874805245,4433627,Keyonte George,G,26,UTAH
525,1.5053582617457375,0.45332616755235544,0.8840141933373563,1.180050994148091,1.4482763400200587,1.7657775906618312,2.336937537890006,5159925,Nikola Topic,G,25,OKC
445,1.5044223935552279,0.3791168059448053,0.9600219940209965,1.2240137889597975,1.46279484907507,1.7392715852699245,2.175242321479914,4706557,Chris Youngblood,G,25,OKC
213,1.502726232358218,0.3581047161664342,0.9836269843016217,1.2508621830462892,1.4638062674098804,1.716133203327388,2.1482538806708615,4395623,Trey Jemison III,F,18,NY
63,1.501568745861384,0.21910518405969404,1.1648760393750577,1.3450412122488364,1.4892633553748187,1.643606589139495,1.8768725573971548,3032977,Giannis Antetokounmpo,F,15,MIL
267,1.4982173230180893,0.26541353035332227,1.0919488444315115,1.3165532014599008,1.477131062709186,1.6639340507468408,1.9662885242862522,4431714,Jalen Wilson,F,17,BKN
264,1.4966261936146157,0.20665869286377195,1.1766661292895757,1.354524317291851,1.486781798427865,1.624752595784488,1.859544724940593,4431687,Patrick Williams,F,4,CHI
253,1.4965200752042482,0.34754266784025606,0.9974747538452049,1.2467089352922385,1.461046340841722,1.6984466662285957,2.1159605419697756,4397882,Tolu Smith,F,8,DET
468,1.4962868510457101,0.21890297058555913,1.153688423251476,1.3420687725958027,1.481968024199171,1.638645555477453,1.8783423333862284,4895758,Cody Williams,F,26,UTAH
268,1.4944691562057337,0.36488956319118054,0.9684733029237252,1.2358011174255712,1.4542139325983217,1.7036034438547503,2.1477859982475622,4431734,Tristan Enaruna,F,5,CLE
231,1.4936535301513525,0.2033107004491432,1.1785789763752368,1.3498891953145777,1.48351491756336,1.6255805670102754,1.8396080568836495,4397002,Ayo Dosunmu,G,4,CHI
4,1.4933621370544856,0.24968906206816058,1.113429886604626,1.3083573775217885,1.474865023601475,1.6611598602966415,1.9224027328855688,3195,Mike Conley,G,16,MIN
490,1.490429302400449,0.3094931914668096,1.027518777981531,1.2723052575163614,1.4626526882305595,1.683315737826825,2.043904656526141,5044385,Leonard Miller,F,16,MIN
465,1.489277440932439,0.19407286923358094,1.1801132775692293,1.3536261748260565,1.4790059127918744,1.6183561703221316,1.8141175788084827,4873138,Ace Bailey,G,26,UTAH
39,1.488504801156917,0.3387060000756168,0.9893571603509939,1.2497989586549665,1.4585910434328382,1.692360055547638,2.073107023566142,2528588,Doug McDermott,F,23,SAC
403,1.4852396170042657,0.19892729360555408,1.1813109713495475,1.3384365078103362,1.4786607958709435,1.6178544814912708,1.819079910631772,4683747,Jaylon Tyson,G,5,CLE
234,1.4843583547491261,0.21034818808138864,1.1628544721729643,1.3379724640829025,1.4717089481532604,1.622056621257795,1.852010210544292,4397020,Luguentz Dort,G,25,OKC
11,1.483875557497744,0.21988356807344517,1.13897913528188,1.3304215311832817,1.4705352233059092,1.6271330705577693,1.8755053356298874,3448,Brook Lopez,C,12,LAC
361,1.483062427879503,0.4055193582241696,0.9222357448937593,1.1971302525526744,1.427211361969814,1.713441791573381,2.221380444226795,4592401,N'Faly Dante,C,1,ATL
326,1.4818867666975655,0.25909481611521595,1.083924045693713,1.3008125226992282,1.4677020664398244,1.639898890051458,1.9448823775147803,4433174,Dylan Cardwell,C,23,SAC
501,1.4816459384869447,0.23033261437088065,1.1334721469944813,1.324160372434482,1.4641911070507212,1.6295882742236443,1.8787347969631873,5105550,GG Jackson,F,29,MEM
112,1.4814867482330194,0.2085773037228865,1.159826068304931,1.3354756772552323,1.4691672510699072,1.6133330195367985,1.8412527250925022,3899664,Simone Fontecchio,F,14,MIA
330,1.48138764682002,0.27307925796801263,1.0727560385808108,1.2814419325632678,1.4591242920304988,1.6575584814167035,1.959591809643581,4433225,Tyler Kolek,G,18,NY
125,1.4805032710396009,0.1826014151864188,1.199449358600095,1.3539104082382059,1.4712996579442983,1.602604984149148,1.7831634834108956,3917376,Jaylen Brown,G,2,BOS
481,1.4799223959242669,0.22672202586738205,1.1334510733803005,1.3225518549839637,1.4692861319292987,1.626250461955246,1.8680701090966745,4997528,Nikola Jovic,F,14,MIA
232,1.479900475590764,0.19361834371712489,1.1744214473662102,1.3438542785266907,1.4694678551428573,1.6074857698003528,1.80581641787036,4397014,Quentin Grimes,G,20,PHI
295,1.479490367843988,0.24700412875111047,1.1060565420393362,1.3080357061526726,1.4609809943683445,1.6369611922005154,1.9172160045415787,4432446,Jabari Walker,F,20,PHI
76,1.4752763093062449,0.16415529187347896,1.2167645964101126,1.364070560396141,1.4684790338121918,1.5805936649629535,1.7591453437699949,3064514,Julius Randle,F,16,MIN
419,1.4752722693778035,0.23802675317145686,1.1054643268606337,1.3095734012077846,1.4602689955071342,1.6291982012835988,1.8869858056964623,4684806,Taylor Hendricks,F,26,UTAH
118,1.472564113439333,0.19019433241850678,1.1815846695058676,1.3399516431814833,1.4640785899503714,1.5978735428826445,1.798626656675004,3908845,John Collins,F,12,LAC
64,1.4712872022278414,0.35459824726646766,0.9619035571911675,1.2214708355177604,1.4269409898110494,1.6738067812843198,2.120561817525478,3032978,Dario Saric,F,23,SAC
240,1.4705639361579532,0.26701620277461857,1.0623787937397997,1.2843562409226559,1.4460431047522058,1.6390591187564973,1.9390380591476242,4397179,Tyrese Martin,G,17,BKN
278,1.470303087469841,0.3771591255723739,0.92550739479038,1.2115227088930784,1.431679410201188,1.6921571192485496,2.14470923501521,4431941,RayJ Dennis,G,11,IND
192,1.469652491014782,0.19223993372832748,1.1655202634419057,1.336131606181182,1.458536459479686,1.59287809193826,1.8022497990056146,4278078,P.J. Washington,F,6,DAL
509,1.4696473839797115,0.2804969377567729,1.053981862635949,1.2757946506536086,1.4483403969918085,1.6445102498549198,1.9669117525730617,5105977,Rasheer Fleming,F,21,PHX
384,1.4655555194562662,0.3982860527680851,0.9036254298586776,1.1936465670666208,1.414350287603152,1.675759795761906,2.222285101893085,4596528,Lawson Lovering,C,29,MEM
352,1.4634511819989897,0.24398835340944483,1.0902738682720439,1.2922639728883483,1.4521776869590886,1.6177938352765315,1.8783734585830005,4576086,Bryce McGowens,G,3,NO
535,1.461353227979882,0.258766139883656,1.0717478264758074,1.2783180278244701,1.4407375586536357,1.6234737118955707,1.9105035729990336,5211176,Tidjane Salaun,F,30,CHA
516,1.4592175452243132,0.3169503063514961,0.9939780748326136,1.2370724525396861,1.4302071766968234,1.6534160092052388,2.0278144190303347,5107897,Jonathan Mogbo,F,28,TOR
31,1.4590820691815902,0.19522246363581416,1.154825364894791,1.32815045596677,1.446638541475937,1.5823725861055018,1.797745291541893,6589,Draymond Green,F,9,GS
545,1.4588648372550557,0.24415231591889933,1.0958659141364757,1.2814379369871833,1.4413441373588949,1.6117066162725742,1.8877400361506933,5279130,Nolan Traore,G,17,BKN
413,1.4550952041853988,0.2935408556560699,1.0280383568638065,1.255833068907739,1.4271541820295275,1.627130927430554,1.984859546903456,4684208,Brooks Barnhizer,F,25,OKC
382,1.4504157477745987,0.22434764875703336,1.104752467941976,1.2957075134339757,1.437629655388673,1.5900470865335712,1.8397219548971875,4594327,Keegan Murray,F,23,SAC
528,1.4495389398638,0.3360017164729551,0.9576375315665878,1.2085276333966555,1.419270166680724,1.661064729175199,2.0473594300147684,5170947,AJ Johnson,G,27,WSH
312,1.4467259145095468,0.33555088791189924,0.9518792061236536,1.2124129602033955,1.4181980829301986,1.6363530436785214,2.046556020816574,4432847,Terrence Shannon Jr.,G,16,MIN
100,1.4400557303803005,0.28350530223025144,1.0090089483662006,1.2418415421235136,1.418478906899219,1.6169592963648378,1.9467628559919623,3137259,Gabe Vincent,G,13,LAL
66,1.438898401662752,0.3178133586371372,0.9774050923016003,1.2135609509458454,1.4109678901165073,1.6356381214254383,2.000080200076696,3037789,Bogdan Bogdanovic,G,12,LAC
377,1.4334784945545394,0.19789881834637418,1.1241692122436913,1.2929400172978391,1.4250554827108002,1.5626282066669044,1.769427136189088,4593125,Santi Aldama,F,29,MEM
342,1.4332021449405798,0.19031213749181247,1.1403101494894705,1.3016982830698507,1.4217135073322522,1.554475799283784,1.758341314597865,4433621,Jalen Duren,C,8,DET
422,1.432573867979589,0.31633115540585044,0.9673295161159148,1.209250402192811,1.4021693994899862,1.6285516791403094,1.9942193134352986,4697268,Kam Jones,G,11,IND
318,1.4312118402582172,0.19728141074952024,1.12597476863872,1.2904530158970364,1.421606376027098,1.5595207464746044,1.7780670221124737,4433083,Cam Spencer,G,29,MEM
440,1.4283832840109654,0.32514598473807127,0.9592220087497437,1.1928872550804006,1.4001036670499105,1.6205267259377116,2.011453240274323,4702745,Amari Williams,F,2,BOS
488,1.4248189110961427,0.24047973565729325,1.0620259860596886,1.258947465886639,1.4069425953380896,1.576270067313914,1.8533677618003257,5037873,Drake Powell,G,17,BKN
58,1.4223162037579118,0.235441613280331,1.064860421744146,1.2529119273130727,1.407083569041014,1.5691442807893716,1.8359406606166413,2991235,Steven Adams,C,10,HOU
153,1.417466567397099,0.3007974434891268,0.972622937043027,1.2069745652045376,1.3891265404449404,1.6072529128965454,1.9482167485156434,4066317,Lindy Waters III,F,24,SA
244,1.4144347160403272,0.27776497287135427,1.0003605593107179,1.2207506213840384,1.3871158908391465,1.579026721336608,1.9182327833411101,4397233,Pete Nance,F,15,MIL
30,1.4143602005971694,0.22261479799803713,1.0761203530257566,1.2592911781322034,1.401993506355696,1.5510265258860656,1.8166890147008548,6585,Andre Drummond,C,20,PHI
109,1.4138559644968343,0.27810989501303834,0.990323058643163,1.2204517828079864,1.3905051506502923,1.5835954886885504,1.91279230798677,3155535,Kevon Looney,F,3,NO
222,1.4128577145590269,0.1882450428392495,1.120754706339542,1.282015632152043,1.4022671368026836,1.5375696066856392,1.7360820487805975,4395712,Andrew Nembhard,G,11,IND
513,1.41180971225683,0.20801794815665,1.0991328326078167,1.2659196368876686,1.399339307450274,1.5441427443220936,1.7753130777144719,5107173,Danny Wolf,F,17,BKN
132,1.4108232249147594,0.3823795101398195,0.8841455991982797,1.142292860556668,1.3635467569044892,1.6181148620392027,2.084276679020417,3936296,Skal Labissiere,C,27,WSH
151,1.4106896481038695,0.2265885296309619,1.069370902825451,1.2482800205247468,1.3965668235876119,1.5565256355262742,1.8064881610993164,4066262,Malik Monk,G,23,SAC
508,1.4101882712941238,0.18720017609006773,1.1206023781981054,1.2791101355599865,1.4018981086104474,1.5280969216724822,1.7319516389776644,5105839,Brice Sensabaugh,F,26,UTAH
238,1.409016953627075,0.1810453141565001,1.1204403427958785,1.287927648997177,1.4007088810899597,1.5220994884183416,1.7238276115039832,4397136,Saddiq Bey,G,3,NO
265,1.408681951332704,0.24108801239335761,1.043327958021028,1.242126835318333,1.3912203854047114,1.5602151433923106,1.8300926168846616,4431690,Zeke Nnaji,F,7,DEN
32,1.4060927746344793,0.2003005463369439,1.1025684195976468,1.2637770943391196,1.3940925834849702,1.5377224315453075,1.762562376694182,6609,Khris Middleton,F,27,WSH
541,1.4034908434666267,0.28206255860267454,0.9787750645931527,1.2082093988685623,1.3840557297874883,1.5704625938712677,1.9180659545725525,5239561,Jase Richardson,G,19,ORL
321,1.3977692604724654,0.33832977461457775,0.9180827165835204,1.1614152380768843,1.360817200503408,1.5854677470868204,2.000952021635393,4433136,Walker Kessler,C,26,UTAH
452,1.3972663157742033,0.18325131764479202,1.1125666726994992,1.2679381315755056,1.3840032925182009,1.5189604998265167,1.7129347692878687,4712896,Noah Clowney,F,17,BKN
270,1.395181085053002,0.28037727106238686,0.9765794482611515,1.1929662302718596,1.3729684482558109,1.5735966321506156,1.8815416360811315,4431752,Kobe Brown,G,12,LAC
245,1.3929807894337978,0.3716373159284612,0.86841872464394,1.1309885239374937,1.3481299750186753,1.5966573578843963,2.063666145274623,4397251,Ron Harper Jr.,G,2,BOS
435,1.3928615326961664,0.22240722122743523,1.0481975247087396,1.235299120926571,1.3785326553858646,1.5387862390169371,1.7836226479615394,4702352,Kobe Sanders,G,12,LAC
317,1.3885161400664707,0.21291930665529435,1.0534951763032865,1.2425344188909373,1.377079278426507,1.5274209342660097,1.7495247568170529,4433076,Ben Sheppard,G,11,IND
156,1.386415852758918,0.17772995772731248,1.1088806506427284,1.2604198124774286,1.3779071949044202,1.5035625650882003,1.6876372825177925,4066336,Lauri Markkanen,F,26,UTAH
97,1.3840933006432201,0.1680705496110208,1.1260364294657872,1.265189492365451,1.3734792870668047,1.4990195796089658,1.6753277666760258,3136195,Karl-Anthony Towns,C,18,NY
304,1.3826436074480266,0.27037709871777543,0.9776240497401142,1.1947902407826199,1.3642457802809118,1.5430522840959062,1.8689278110817278,4432813,Jeremiah Robinson-Earl,F,11,IND
310,1.381704700405244,0.20959402291404614,1.0580135040306606,1.2394991262368429,1.3701887594735944,1.5110005643769746,1.733649256139141,4432823,Jaylin Williams,F,25,OKC
116,1.3796376245175168,0.2024400171615769,1.0583651106460135,1.2408193747138991,1.3679418892835817,1.5126819563620026,1.728603907819604,3907823,Terance Mann,G,17,BKN
6,1.3785131970959639,0.30443029142807126,0.9266066147267615,1.1608113661740072,1.3455701542312197,1.5670690203009647,1.9141839535700056,3209,Jeff Green,F,10,HOU
42,1.376168356936394,0.2554511959058531,0.99295706351801,1.19579549489911,1.3539950857734504,1.536531788203069,1.825779594265052,2578185,Dorian Finney-Smith,F,10,HOU
546,1.3747987188115074,0.2893049768644297,0.9498311235843854,1.1709085388393614,1.3433556700836977,1.5593470767956181,1.8937252317283646,5279133,Joan Beringer,F,16,MIN
398,1.3732042846935701,0.3230612400119242,0.904008212508652,1.1450419601140729,1.337161966138804,1.567805132250247,1.956507255853779,4683688,Dereck Lively II,C,6,DAL
225,1.3730106230044046,0.26547802431320555,0.9733717969178008,1.1856249588493968,1.3510320779418792,1.5398056955552075,1.850693367874175,4395725,Tyler Herro,G,14,MIA
333,1.3720221401699044,0.1850965104754187,1.0872229251015693,1.238741210946824,1.3675441214313624,1.489248473805651,1.694387142699341,4433249,Moussa Diabate,F,30,CHA
154,1.3708171233783866,0.16708865317641913,1.1115906656110286,1.2550457054094477,1.3645674099944043,1.4741220259148813,1.6647426120633315,4066320,Desmond Bane,G,19,ORL
365,1.3643687918016665,0.17116757670967633,1.1020499859511041,1.2487065717608736,1.3544924695680574,1.4730340283075063,1.6591601929397157,4592479,Julian Champagnie,F,24,SA
376,1.3642312291375922,0.37210370090745554,0.8558196061757868,1.1093629817184743,1.3141444157853015,1.55834964311279,2.05459921763752,4593049,Orlando Robinson,C,19,ORL
332,1.3632576866373167,0.25604734989777855,0.9779205468731395,1.1865664291450029,1.3444229534513423,1.5237407730083807,1.8173759119803172,4433247,Jonathan Kuminga,F,9,GS
323,1.358923338316836,0.22261231635648712,1.0156522995494315,1.203335710514672,1.3417109516810655,1.502207618020437,1.7491112367716628,4433144,Caleb Love,G,22,POR
526,1.356666735714345,0.20702710318140816,1.0439186765737904,1.21090656116119,1.3427926116925115,1.4847423071954196,1.7183607775347978,5160992,Alex Sarr,C,27,WSH
124,1.3558552000661328,0.2463949819683986,0.9816275010839328,1.1845064603227211,1.3345846936196568,1.5053093213835025,1.8009772476481594,3914285,Drew Eubanks,F,23,SAC
96,1.3549511159129313,0.1847037486529519,1.0682102116125798,1.2255988308194448,1.343406779608595,1.4710966671102985,1.6819031642274433,3136193,Devin Booker,G,21,PHX
98,1.3480717339913584,0.278738764990153,0.9346752124220522,1.154292242567619,1.3243620658975972,1.5235543654328134,1.8300045950141208,3136776,D'Angelo Russell,G,6,DAL
212,1.3475369359457487,0.2950144831266721,0.9131541010448276,1.1361181358335246,1.3216834796765955,1.5313661987733609,1.8634137536182702,4395620,Hunter Tyson,F,7,DEN
286,1.3456517094565374,0.3225476286665666,0.8735589232822166,1.110254841043353,1.3121021274165916,1.5417752454718197,1.9306980637922964,4432173,Sharife Cooper,G,27,WSH
227,1.3452598391340251,0.23279074043422468,0.9934853986742488,1.182621928629763,1.3284492221667086,1.4879324841160158,1.759324925613552,4396907,Darius Garland,G,5,CLE
218,1.3342697529172023,0.30644354834025694,0.8891666863198431,1.1120951654399114,1.3057341414993926,1.5239842718295176,1.8749132856452244,4395650,Leaky Black,F,27,WSH
484,1.32982982785868,0.22371206561911583,0.9886635214858581,1.1756247285137733,1.3124970412219878,1.4726063245846606,1.7179239158810922,4997538,Karlo Matkovic,F,3,NO
223,1.329786969857891,0.17931215119065644,1.0477568473186145,1.2030892574349465,1.3225252334869024,1.448829818324351,1.6371315009327532,4395723,Keldon Johnson,F,24,SA
255,1.3289910333779462,0.3615079981719309,0.8291716991085308,1.0751532936744597,1.2868667811383987,1.5300710718587038,1.9875753785757015,4397886,Charles Bassey,C,29,MEM
214,1.32678128955432,0.18924952353037428,1.033916574854532,1.1953472603043394,1.3140812896981475,1.4495880469648157,1.6575604835540385,4395625,RJ Barrett,F,28,TOR
523,1.3255514571531875,0.3544437057553601,0.8346724547162679,1.0862707576180584,1.2838874485688223,1.5135574988815856,1.9620160572248653,5157587,Rocco Zikarsky,C,16,MIN
133,1.3241952101845136,0.16421683736364093,1.0689834801761136,1.2092897368625286,1.3160191045804108,1.432427296038103,1.6034908813464692,3936299,Jamal Murray,G,7,DEN
181,1.3230984166268207,0.2347638959514581,0.9711254369263095,1.1597781509126281,1.3063754583170373,1.4654818492510036,1.737149188610944,4277956,Jordan Poole,G,3,NO
137,1.3213960370709255,0.22512155176241555,0.9781456144085494,1.16667938196499,1.30768041339843,1.4555732652490654,1.718272848691811,4017844,Guerschon Yabusele,F,18,NY
73,1.319075151825105,0.22953143334307877,0.966265039207205,1.1576040085181636,1.3064688686089383,1.4688361598064767,1.7181029772781646,3064290,Aaron Gordon,F,7,DEN
496,1.3116991991049842,0.31439690693279576,0.8521370888465819,1.0937371171073789,1.2830910885200333,1.4993961994318101,1.8678872862001363,5091709,Lachlan Olbrich,C,4,CHI
175,1.3107017058926915,0.20768289343330898,0.9906476515019698,1.1641146143432062,1.2997409372335222,1.4389746678049167,1.6731667549451026,4277848,Marvin Bagley III,F,27,WSH
166,1.3056143347083702,0.2840126745702954,0.8812112150026128,1.1069054168434425,1.2813165487277234,1.4804575941241986,1.8098126627467122,4066650,Zach Collins,F,4,CHI
423,1.3054102187152283,0.3423629849302726,0.817863516285159,1.0670264838660493,1.2700756032765268,1.49933312374404,1.9302624157095736,4700818,Vladislav Goldin,C,14,MIA
217,1.2995027056720574,0.18663763226900706,1.015347960833391,1.1694810187625602,1.2890963041455905,1.4205244378011335,1.623966337742419,4395630,Devin Vassell,G,24,SA
27,1.299422416573728,0.1632375332341518,1.0433058051590616,1.1844296718910112,1.2934935395858747,1.405216186625155,1.5797885651758858,6578,Harrison Barnes,F,24,SA
144,1.2992824329077552,0.18657760654968814,1.0110953646222578,1.1665216001443253,1.2884089484480599,1.4165703483888055,1.6181239150227886,4065732,De'Andre Hunter,F,5,CLE
313,1.2988000464747909,0.1623765557564439,1.045935911196696,1.1867406981870072,1.2922234863032631,1.4006868604699785,1.5858212327291827,4432848,Jaime Jaquez Jr.,F,14,MIA
204,1.2987500618063081,0.3007086532360165,0.8629987989065566,1.0885905168212857,1.2709742276079983,1.473625484353719,1.835029905556104,4279318,Daeqwon Plowden,G,23,SAC
229,1.2969546540815606,0.2856961217452675,0.8734694147687393,1.1019562098488476,1.265004381403709,1.4708026596620005,1.8048478247941109,4396963,Blake Hinson,F,26,UTAH
425,1.2965282137209921,0.25942835525337554,0.9148254370437984,1.111685039664021,1.2712680692257652,1.452609176817107,1.7540067579662955,4701208,Moussa Cisse,C,6,DAL
242,1.2964940390465898,0.19665608768934406,0.9964151903968919,1.1544089176767742,1.283849552989961,1.426422385945758,1.6393064917513733,4397189,Jalen Smith,F,4,CHI
395,1.2936234816808392,0.20667352765409527,0.97903678110183,1.1434945816546116,1.2828148193756834,1.4250837059921566,1.6540954583708534,4683634,Bennedict Mathurin,G,11,IND
148,1.2880692117336103,0.24673514695148036,0.916527518039742,1.1190887999716672,1.2715182315670726,1.4420700066792793,1.7275760757729453,4066218,Grant Williams,F,30,CHA
219,1.2880481236824326,0.21945982840127437,0.9563042430340603,1.1336295713189215,1.2768252394860533,1.4197145525973123,1.677043915795868,4395651,Coby White,G,4,CHI
389,1.2858150213481396,0.19186465559929033,0.9875860940499142,1.1502522366204604,1.278415870411165,1.4083817144475193,1.6160497168298456,4601025,Pelle Larsson,G,14,MIA
492,1.2852889772294742,0.23331171050892233,0.9323463139558541,1.118374365983616,1.2668084524447245,1.4320225731089966,1.697409742036451,5061568,Carter Bryant,F,24,SA
515,1.2842810172247439,0.3401430146542896,0.811231259826952,1.0434578817188538,1.2438864913541186,1.4795284520031442,1.92728083007094,5107818,Isaac Jones,C,23,SAC
309,1.2827910584993898,0.17696481825173224,1.0068757916280842,1.1573193170108627,1.2751149751193882,1.3956511600974526,1.5862372829659004,4432822,Isaac Okoro,F,4,CHI
540,1.2811294066633472,0.19358182699389448,0.9796228278524864,1.1447715779756207,1.2701230042721197,1.4079487183150423,1.6166691013528307,5238230,Tre Johnson,G,27,WSH
390,1.2797421677500773,0.18365268803379986,0.9995528469505641,1.145542640201641,1.2701462774797614,1.3989946664513004,1.594969392742886,4602025,Sion James,G,30,CHA
480,1.2773003730431263,0.23281620403250736,0.9212295597853146,1.1136500796510411,1.2614704343454788,1.4204773540749622,1.6878346006916045,4997526,Ousmane Dieng,F,25,OKC
123,1.2771200493950725,0.2350390001346334,0.9177420938506079,1.1124370433740838,1.2599560674031327,1.43146664324609,1.6933653563493378,3914044,Landry Shamet,G,18,NY
188,1.2756058495251388,0.1691594627841101,1.0158575623710497,1.1574914893132624,1.2638962518799324,1.385258569584066,1.5641452733889727,4278067,Nic Claxton,C,17,BKN
36,1.2747777055161849,0.1733929165581067,1.0031488741856456,1.1542792639716817,1.2651037025722427,1.3878959407329767,1.5731677191251812,2490149,CJ McCollum,G,27,WSH
233,1.2745101191227841,0.23373071000029985,0.9192699713802159,1.108193982039616,1.2594328111228483,1.4243113982455826,1.6753022324877507,4397018,Ochai Agbaji,G,28,TOR
87,1.2712360943071044,0.17750386583473543,0.993171498670464,1.1446665102022904,1.2629129212980277,1.3875769241402556,1.5800371347221769,3133628,Myles Turner,C,15,MIL
10,1.2686364551487084,0.3169901756817429,0.813606817587681,1.039442234407793,1.2301653425934278,1.4674107368304004,1.826407730904138,3442,DeAndre Jordan,C,3,NO
12,1.2647642280657647,0.2219032386055388,0.9281500133413995,1.11415934077179,1.2504658118423189,1.4017908769441152,1.6531647332735249,3449,Kevin Love,F,26,UTAH
20,1.2630162303029744,0.31979875866129004,0.8032977548659025,1.034400512927814,1.233167551254858,1.4593851436979812,1.843354805971909,6427,Bismack Biyombo,C,24,SA
472,1.2608631115797357,0.23160182220628558,0.9056941735611244,1.1015182104327876,1.241255613289567,1.4016679976799322,1.6718548467324308,4897943,Dalton Knecht,F,13,LAL
396,1.254761644533856,0.31225147277399445,0.7957691569937203,1.0298833533498137,1.2192750068303257,1.4572880313681185,1.8227648252626176,4683678,Scoot Henderson,G,22,POR
160,1.252541707976719,0.28443011350060554,0.8288998170451682,1.0493985784990583,1.2298947539297198,1.4250910403699961,1.7506098633802758,4066387,Amir Coffey,G,15,MIL
38,1.2505453227929488,0.2137770840034039,0.9254779084401009,1.1029477135141843,1.2375809648520026,1.3824394677532923,1.626700408486153,2528426,Jordan Clarkson,G,18,NY
143,1.2469795138150699,0.18192993384557984,0.960421294339348,1.1196514535255748,1.2378527712899021,1.3678624389271368,1.5526752018875745,4065731,Jay Huff,C,11,IND
387,1.2465890969687672,0.27396273492888146,0.8510016686221479,1.0520122673034145,1.2174294785218818,1.4128013053731077,1.7214239715966073,4600663,Zach Edey,C,29,MEM
173,1.2459844258079018,0.20045350497939515,0.934003507791489,1.1062545908907437,1.2344953414483397,1.3708623579442198,1.598356223600699,4277843,Gary Trent Jr.,G,15,MIL
180,1.244618230790046,0.20683147577504854,0.9282362908194743,1.099853007721916,1.2316752043814585,1.3772990788575974,1.6038966265978503,4277951,Luka Garza,C,2,BOS
74,1.2414328209356744,0.19238114858401717,0.9453229182054612,1.1052252137294918,1.2255757710484028,1.3681921344310726,1.5737336610784796,3064440,Zach LaVine,G,23,SAC
174,1.2371849280493252,0.16361713604534867,0.9793620513783946,1.1224435175538043,1.2292281075638498,1.344002954692776,1.5218453083262058,4277847,Wendell Carter Jr.,C,19,ORL
130,1.2362586609682453,0.23536099902599267,0.8825890985588852,1.0667992888983422,1.2161890670947764,1.3885796035034326,1.648066534628214,3934723,Thomas Bryant,C,5,CLE
75,1.2356365783666878,0.17381624530124454,0.9679113890572557,1.1132698800199243,1.227463726648543,1.3474040099685372,1.5329274568132525,3064482,Bobby Portis,F,15,MIL
178,1.2330953026892904,0.3292169661431351,0.7692380754661382,1.0045729737747555,1.193561311250074,1.4212125150348096,1.8536767159914929,4277919,Mo Bamba,C,28,TOR
350,1.2330900963395304,0.19191717310692283,0.9359283906992875,1.0988650753477036,1.2226289788653597,1.361717175956636,1.5597886828553216,4576060,Ryan Kalkbrenner,C,30,CHA
457,1.232811271184588,0.17296317644831785,0.968369994106916,1.10974717241464,1.2246897811747561,1.3473050365826529,1.525629404298999,4845374,Bub Carrington,G,27,WSH
281,1.2230898737840712,0.1705297238989394,0.9602028333766003,1.1014771552392626,1.2136180872713838,1.3338542096304213,1.5170529750159771,4432158,Evan Mobley,C,5,CLE
5,1.22232056337367,0.14426211719572635,0.9961256968742707,1.1214615160503119,1.2170835721776057,1.3134352699062428,1.4714410949698913,3202,Kevin Durant,F,10,HOU
393,1.2186637214341736,0.1619585620262296,0.9671787947623499,1.1041171396162983,1.2127308340440863,1.3218991717307493,1.4902580256413465,4683021,Deni Avdija,F,22,POR
311,1.2185253243813896,0.32341324366065266,0.7588029158537666,0.985569688022788,1.1935779619949485,1.4098997897392906,1.7933128518148092,4432827,Oscar Tshiebwe,C,26,UTAH
462,1.2169653355040662,0.2547285182313603,0.8329005847139174,1.0366870797098582,1.1963392805942838,1.3741238424571687,1.667407336917893,4871141,Ariel Hukporti,C,18,NY
146,1.2160073727332301,0.16699151310696175,0.9550135005169766,1.1019279298824423,1.2070192309043646,1.3238515565906628,1.5089856481197885,4065804,Sam Hauser,F,2,BOS
298,1.2151677690160894,0.14918090893432334,0.9829317136904278,1.1118026292507064,1.2076726652895888,1.3103307887029998,1.4721350464379404,4432639,Jabari Smith Jr.,F,10,HOU
167,1.2142111218048153,0.20184945032255555,0.9146639262724345,1.0709177613619487,1.2004494721022732,1.3438068634071105,1.55436179417259,4066757,Sam Merrill,G,5,CLE
56,1.208902896928891,0.17030156956912249,0.9433527005663161,1.0890620933446435,1.2023253262011862,1.3211043900152326,1.5007135403560559,2991070,Jerami Grant,F,22,POR
448,1.2072907148176448,0.15308024143201857,0.9614235658493769,1.1016585723095016,1.1992677931768503,1.3029383946532225,1.4736514681263873,4711294,Matas Buzelis,F,4,CHI
493,1.2069451208548916,0.15542663643383087,0.9646468211343467,1.0983422892511805,1.1981146229660835,1.3077420177411554,1.4741285013514929,5061575,Kon Knueppel,G,30,CHA
277,1.2035529928069733,0.24140523517961843,0.8404683105401003,1.0334669894339548,1.190864794655007,1.3490878322101338,1.6380929849184898,4431893,Jamison Battle,F,28,TOR
542,1.1988972190937763,0.28521134833147266,0.7828090504291201,0.9979156449370469,1.1685135761295102,1.3771005212412661,1.7181851305423395,5239590,Liam McNeeley,G,30,CHA
458,1.1987768041347917,0.24386475049332632,0.8406520431456215,1.0239615991864508,1.1742101724147767,1.3495201977001305,1.6395672952594236,4868423,Jaden Hardy,G,6,DAL
157,1.1977809190814928,0.1631232882360088,0.9440255482576231,1.084372999764199,1.1885157187671904,1.3056943880445187,1.4773908402080496,4066354,Payton Pritchard,G,2,BOS
24,1.197550531344194,0.18653820066159021,0.9144380967938165,1.0677816429536255,1.1862730351575674,1.3174182409242916,1.5168729011249384,6475,Klay Thompson,G,6,DAL
161,1.1969757623697657,0.22243419778159343,0.8597042869404379,1.0447467958021133,1.1780285029397628,1.334949899579499,1.582632320885013,4066399,Micah Potter,C,11,IND
300,1.195182387658275,0.3108980784720518,0.7474734760159316,0.9776143687332025,1.1624557378169387,1.3731647507061098,1.7537055392237155,4432808,James Wiseman,C,11,IND
111,1.190185253425556,0.15733411628972457,0.9417306020123286,1.0807136232912922,1.187642901532197,1.290337926040396,1.4570527309368748,3157465,Duncan Robinson,F,8,DET
340,1.1898592784421584,0.26865059957523163,0.7981172566548088,0.9948980050769078,1.1639106479961314,1.3543204661460668,1.667367335641444,4433607,DaRon Holmes II,F,7,DEN
373,1.1888963639689154,0.1929001281406812,0.8960340328898803,1.0491932248422404,1.1779991897200097,1.3131455415509037,1.5213304419814506,4593016,Quinten Post,C,9,GS
81,1.1861900279807778,0.23769999536829353,0.8329252797698384,1.0228569892673804,1.164562921473747,1.3338461068805618,1.5992515076715321,3102531,Kristaps Porzingis,C,1,ATL
62,1.183325426615841,0.15079668348311606,0.9527731790743332,1.0773402997755503,1.176694011539515,1.2825631703717368,1.4462994454505345,3032976,Rudy Gobert,C,16,MIN
152,1.1799815892897834,0.2522991719724211,0.7960224167151112,1.0059754524775213,1.1663276541242724,1.3300987129182447,1.6214948373621039,4066268,Duop Reath,C,22,POR
90,1.1757028801394436,0.1628999197600259,0.922033603090401,1.060056918508979,1.1651320173832223,1.282583205987346,1.4504668528342206,3134907,Kyle Kuzma,F,15,MIL
259,1.1711690744660945,0.20527389361250614,0.864264298012727,1.027776759936435,1.1589169753235558,1.2981304027334875,1.5365683656694693,4431675,Trendon Watford,F,20,PHI
194,1.1701705940848846,0.1677266706408344,0.9088552814596883,1.054692101058604,1.1595442702552785,1.279001919307302,1.4591577603081474,4278129,Deandre Ayton,C,13,LAL
121,1.1619214019523842,0.14345225055268235,0.9419833802722326,1.061204492563664,1.1532782705942624,1.2535987459666587,1.415333470321829,3913176,Brandon Ingram,F,28,TOR
104,1.159001113212733,0.1794757196654284,0.88217532964344,1.0307420848777231,1.1475875494104573,1.2726420164153351,1.4746814905475172,3146557,Jock Landale,C,29,MEM
506,1.1546156477264038,0.19550589550153347,0.8485862555838393,1.0200718876787778,1.1451138986254392,1.2820467189826508,1.490464656376275,5105637,Adem Bona,C,20,PHI
103,1.154426520128015,0.1734868555849036,0.8806465444716105,1.0315414264182972,1.1437455123265563,1.2690328745627042,1.4441385524604682,3138196,Cameron Johnson,F,7,DEN
256,1.146470587860211,0.22181301617375823,0.814579592039876,0.9866512024945305,1.1309544029160836,1.2849373013388423,1.5329678239205442,4398390,Jalen Pickett,G,7,DEN
533,1.145310552122083,0.2798751214776926,0.7310480898358382,0.9483353542376449,1.1175658331760743,1.3230567956917796,1.649602991566396,5203685,Khaman Maluach,C,21,PHX
507,1.1438637771553841,0.2555847629517199,0.7638539728582927,0.9637016129530229,1.120528763705333,1.2979378392939738,1.6041604634941975,5105806,Jett Howard,G,19,ORL
426,1.1392085645758274,0.2621868324872386,0.7496600756845437,0.9538499551652794,1.113200036796656,1.292695590546329,1.6155668805692538,4701225,PJ Hall,C,29,MEM
405,1.1388492301606832,0.24412773677262728,0.773460791284068,0.9655935992083573,1.1179984201108717,1.2864023711744057,1.5702972551203174,4683750,Jordan Hawkins,G,3,NO
228,1.137098493277995,0.19949186814631792,0.8385605345009475,0.9960793293812048,1.1241372937541896,1.2608347489978804,1.4838509406637133,4396909,Aaron Nesmith,G,11,IND
237,1.133638422371414,0.19770213360919986,0.8339664961634425,0.9948554656162013,1.1216327066185374,1.2597616069212678,1.4771078264721595,4397077,Jaxson Hayes,C,13,LAL
477,1.1317973866651343,0.16589598821808701,0.8789629449239967,1.0101767092697846,1.1228399714482018,1.241807527657805,1.4198723119233465,4903027,Cedric Coward,F,29,MEM
165,1.1295029680935391,0.16021829387391992,0.8776769190333044,1.0185011968730302,1.1235936807639983,1.2309391056557284,1.4098273756724073,4066648,Rui Hachimura,F,13,LAL
190,1.1220967591355702,0.2192192905483667,0.7890088798139608,0.9698720778151332,1.1069675849615392,1.2520429233106314,1.5078171467744386,4278076,Nick Richards,C,21,PHX
84,1.118488221731251,0.1846775813106041,0.8315960588245834,0.9914198370047149,1.1088004187681528,1.239218695735593,1.4413152898526156,3133602,Svi Mykhailiuk,G,26,UTAH
68,1.1016182692609475,0.17953203851656596,0.8277678730116134,0.9762455198614975,1.095333764702878,1.2080051242002887,1.4216685438420757,3059318,Joel Embiid,C,20,PHI
210,1.0985889726810016,0.17384839551770698,0.8322551219014471,0.9779771916985198,1.0877483812875655,1.2111900929516741,1.396467851808241,4351851,Anfernee Simons,G,2,BOS
207,1.0940844446262974,0.18495448751410692,0.8164774669467941,0.967115681572565,1.083225667457214,1.2115981625001246,1.4118446001715814,4280151,Corey Kispert,F,27,WSH
296,1.086160740236819,0.14356735002216645,0.8604369758983899,0.9866435819569453,1.078392701136102,1.1786631166833876,1.3321373146665412,4432573,Paolo Banchero,F,19,ORL
25,1.0806785502195384,0.19287541184791554,0.7820703427186074,0.9437389060644181,1.0689856943717095,1.2058828927591718,1.4169298530491359,6477,Jonas Valanciunas,C,7,DEN
271,1.0765165132304966,0.20539127918883882,0.7636696022681438,0.9331735713098679,1.0581158585793122,1.2006787245815533,1.4380773273254572,4431767,Christian Braun,G,7,DEN
346,1.0753044591419105,0.2051674090453444,0.7686000472118106,0.931064223003362,1.057169918293541,1.20062992270198,1.4444569469997375,4433629,Ryan Nembhard,G,6,DAL
363,1.0713270288226693,0.2209493299462479,0.7343369048519953,0.9157723417830914,1.0553285974259312,1.2083006555696447,1.4597300661644579,4592435,Branden Carlson,C,25,OKC
77,1.0680592323561655,0.1743817557342334,0.8015202732158222,0.9463624973995355,1.056720163408482,1.1789836338041948,1.374505155248798,3064560,Luke Kornet,C,24,SA
26,1.067909950862967,0.14490050851073577,0.8408680376435806,0.9677765680054254,1.062421050741973,1.1611196270401545,1.3135097124805504,6478,Nikola Vucevic,C,4,CHI
127,1.0672325251573664,0.15046644160948533,0.8349456938353513,0.9616902494885926,1.0602357205512456,1.1616279433994015,1.3236900930539375,3934672,Jalen Brunson,G,18,NY
475,1.064653424530973,0.16065276491939748,0.8115688078737837,0.9533774203449128,1.059869012934262,1.1654026650965799,1.3354326000009435,4898371,Maxime Raynaud,C,23,SAC
159,1.0642542208746655,0.1433656305244736,0.8401069406363799,0.9670830743140908,1.0568232829025994,1.1561769817658338,1.3104146413848177,4066383,Miles Bridges,F,30,CHA
539,1.0617168477493377,0.24221517606056822,0.6900036005459954,0.8912744051117891,1.0435674370521493,1.2137547403928495,1.4994587279354985,5217746,Yang Hansen,C,22,POR
142,1.0381567092202655,0.22338541485644767,0.7016564777290196,0.8831669778093164,1.027046568991533,1.1719563515543314,1.4143647589005304,4065673,Tony Bradley,C,11,IND
517,1.0126102682408258,0.2221449815392744,0.6806780189429106,0.8564793814347077,0.994397851628763,1.1448718623075917,1.4029889643294273,5108024,Yanic Konan Niederhauser,C,12,LAC
37,1.0112978746346868,0.15064477064217088,0.7812000527683796,0.8987784934803453,1.0055832459564145,1.1080503759744262,1.2677087852750792,2528210,Tim Hardaway Jr.,G,7,DEN
494,1.009674454036024,0.1767547618751603,0.7370067844316489,0.8874753421821536,0.9972376454387666,1.1237801260098217,1.3145120938721409,5061589,Yves Missi,C,3,NO
249,0.9868079487200611,0.15446349892592806,0.748045418747036,0.8775067528565816,0.9792745630953259,1.082601487522508,1.2565580430657728,4397475,AJ Green,G,15,MIL
297,0.9781683757955364,0.14274031495763304,0.7563264398737793,0.8792252482583371,0.9728083548816235,1.0689915883750412,1.2188824598847114,4432582,Max Christie,G,6,DAL
334,0.9636747199307267,0.14443581090394858,0.737828538991437,0.8659193365540718,0.9577810506895763,1.055621363507107,1.2134290493027278,4433255,Chet Holmgren,C,25,OKC
302,0.9598895122489793,0.15387253062308054,0.7192831390379828,0.8544491821278772,0.9523295133245768,1.0567466877137601,1.2304889512328205,4432810,Isaiah Stewart,F,8,DET
503,0.9501431180708044,0.14109591068339578,0.7311000096746285,0.8513048754659398,0.9424281399158321,1.0405146930327556,1.1882660390690116,5105565,Donovan Clingan,C,22,POR
179,0.8581806314746776,0.1763431394778543,0.5875778040250179,0.735600011335643,0.8485649904367825,0.969003278855523,1.1690847056233373,4277922,Jericho Sims,C,15,MIL
136,0.8303412682190293,0.1439860611683216,0.6108335027589236,0.7303616438017925,0.8222596868358991,0.9198200676821314,1.0812341056961505,4017837,Ivica Zubac,C,12,LAC
287,0.8010576293331676,0.17427514339072595,0.5422337496109857,0.6801087866364179,0.7887419707342005,0.9081782908652177,1.1106222747991608,4432174,Cam Thomas,G,17,BKN
